id,date,label,text
1084065832941031424,2019-01-12 20:33,other,....the FBI was in complete turmoil (see N.Y. Post) because of Comey’s poor leadership and the way he handled the Clinton mess (not to mention his usurpation of powers from the Justice Department). My firing of James Comey was a great day for America. He was a Crooked Cop......
1183369132634456066,2019-10-13 21:09,other,"Do you remember two years ago when Iraq was going to fight the Kurds in a different part of Syria. Many people wanted us to fight with the Kurds against Iraq, who we just fought for. I said no, and the Kurds left the fight, twice. Now the same thing is happening with Turkey......"
1097856727020720128,2019-02-19 21:53,immigration,"The failed Fast Train project in California, where the cost overruns are becoming world record setting, is hundreds of times more expensive than the desperately needed Wall!"
1149289425836367872,2019-07-11 20:08,immigration,"Democrats had to quickly take down a tweet called “Kids In Cages, Inhumane Treatment at the Border,” because the horrible picture used was from the Obama years. Very embarrassing! @foxandfriends"
1184426268177129472,2019-10-16 19:10,other,You would think there is NO WAY that any of the Democrat Candidates that we witnessed last night could possibly become President of the United States. Now you see why they have no choice but to push a totally illegal & absurd Impeachment of one of the most successful Presidents!
1100782208518946817,2019-02-27 23:38,other,"Great meeting and dinner with Kim Jong Un in Hanoi, Vietnam tonight. Looking forward to continuing our discussions tomorrow! #HanoiSummit https://t.co/J3x6lUGzjS"
1090947003868213248,2019-01-31 20:16,immigration,Lets just call them WALLS from now on and stop playing political games! A WALL is a WALL!
1162726857231544320,2019-08-17 22:04,other,Major consideration is being given to naming ANTIFA an “ORGANIZATION OF TERROR.” Portland is being watched very closely. Hopefully the Mayor will be able to properly do his job!
1088470495312400384,2019-01-25 00:16,immigration,"Nancy just said she “just doesn’t understand why?” Very simply, without a Wall it all doesn’t work. Our Country has a chance to greatly reduce Crime, Human Trafficking, Gangs and Drugs. Should have been done for decades. We will not Cave!"
1142410006513500161,2019-06-22 20:32,immigration,"When people come into our Country illegally, they will be DEPORTED!"
1121021160827887616,2019-04-24 20:00,immigration,"Mexico’s Soldiers recently pulled guns on our National Guard Soldiers, probably as a diversionary tactic for drug smugglers on the Border. Better not happen again! We are now sending ARMED SOLDIERS to the Border. Mexico is not doing nearly enough in apprehending & returning!"
1144033134129758208,2019-06-27 08:02,immigration,These flyers depict Australia’s policy on Illegal Immigration. Much can be learned! https://t.co/QgGU0gyjRS
1125774545988857856,2019-05-07 22:49,immigration,"Democrats in Congress must vote to close the terrible loopholes at the Southern Border. If not, harsh measures will have to be taken!"
1112089959593328641,2019-03-31 04:31,immigration,"It would be so easy to fix our weak and very stupid Democrat inspired immigration laws. In less than one hour, and then a vote, the problem would be solved. But the Dems don’t care about the crime, they don’t want any victory for Trump and the Republicans, even if good for USA!"
1174006577713434624,2019-09-17 12:05,other,"Just departed New Mexico for California, where we are delivering results!pic.twitter.com/EKWzgjTXyd"
1121187494312255489,2019-04-25 07:01,other,"The Great State of Tennessee is so close to passing School Choice. All of our Nation’s children, regardless of background, deserve a shot at achieving the American Dream! Time to get this done, so important!"
1190373504442654730,2019-11-02 05:02,other,"....our great police are being disrespected, even with water dumped on them, because a Mayor and Governor just don’t “have their backs.” New York’s Finest must be cherished, respected and loved. Too many prople are leaving our special New York. Great leaders would work...."
1128726868738310149,2019-05-16 02:20,other,"The courage & sacrifice of our heroes is the reason our flag stands tall, our hearts beat with pride, and our Country remains one people, one family, and one NATION UNDER GOD. Today, we thank you, we honor you, & we forever cherish the memory of our Fallen Men and Women in Blue! https://t.co/ARHYgDVi3M"
1088832908494888961,2019-01-26 00:16,other,"Greatest Witch Hunt in the History of our Country! NO COLLUSION! Border Coyotes, Drug Dealers and Human Traffickers are treated better. Who alerted CNN to be there?"
1086586403583074304,2019-01-19 19:29,other,Will be leaving for Dover to be with the families of 4 very special people who lost their lives in service to our Country!
1171986297696772096,2019-09-11 22:18,immigration,The Wall is being built after victories against the Democrats in various courts!https://twitter.com/realDonaldTrump/status/1171547046295171072 …
1125051346456121346,2019-05-05 22:55,immigration,"I am pleased to inform all of those that believe in a strong, fair and sound Immigration Policy that Mark Morgan will be joining the Trump Administration as the head of our hard working men and women of ICE. Mark is a true believer and American Patriot. He will do a great job!"
1151953616510574607,2019-07-19 04:35,other,"Today, on behalf of the American people, I received an American flag that flew aboard a ship carrying the first waves of U.S. Service Members to land in Normandy...https://t.co/f1fLTAj0We"
1197131856963129344,2019-11-20 20:37,other,“White House Confidence Grows As Hearings Wear On.” @WashTimes  This is just an attempted takedown of the Republican Party by the Do Nothing Democrats. It will never work. #2020
1180886039801602048,2019-10-06 11:42,other,"The Biden family was PAID OFF, pure and simple! The fake news must stop making excuses for something that is totally inexcusable. Sleepy Joe said he never spoke to the Ukrainian company, and then the picture came out where he was playing golf with the company boss and Hunter....."
1150766497469489152,2019-07-15 21:58,immigration,"....What does it mean for America to have free Healthcare for Illegal Immigrants, no criminalization of coming into our Country - See how that works for controlling Immigration! They talk about Israel like they’re a bunch of thugs, not victims of the entire region. They wanted..."
1184129465070297090,2019-10-15 23:30,other,"Governor @MattBevin has done a wonderful job for the people of Kentucky! He continues to protect your very important Second Amendment. Matt is Strong on Crime and the Border, he Loves our Great Vets and Military. Matt has my Complete and Total Endorsement, and always has!"
1205179262535393280,2019-12-13 01:35,other,“I think it’s obvious to all the American public that this is a railroad job!” @JimPressOffice https://t.co/MlYNny1pqg
1153443827946020864,2019-07-23 07:16,immigration,"When we rip down and totally replace a badly broken and dilapidated Barrier on the Southern Border, something which cannot do the job, the Fake News Media gives us zero credit for building a new Wall. We have replaced many miles of old Barrier with powerful new Walls!"
1137313896585474048,2019-06-08 19:02,other,"Mexico will try very hard, and if they do that, this will be a very successful agreement for both the United States and Mexico!"
1163446760406171649,2019-08-19 21:44,immigration,"Democrats want Open Borders and Crime! So dangerous for our Country. But we are building a big, beautiful, NEW Wall! I will protect America, the Dems don’t know where to start! https://t.co/D0APaAxvVm"
1205992385215229953,2019-12-14 17:26,other,"The last time I spoke to Debbie Dingell was her call thanking me for granting top memorial and funeral service honors for her then just departed husband, long time Congressman John Dingell. Now I watch her ripping me as part of the Democrats Impeachment Hoax. Really pathetic!"
1190756985433657344,2019-11-03 06:26,other,Didn’t he pick the Whistleblower? https://t.co/yalRJr8DgA
1171595113673347072,2019-09-11 09:23,other,"Senator Ben Sasse has done a wonderful job representing the people of Nebraska. He is great with our Vets, the Military, and your very important Second Amendment. Strong on Crime and the Border, Ben has my Complete and Total Endorsement!"
1147955463201480704,2019-07-08 03:48,immigration,"....United States Citizens first. Border Patrol, and others in Law Enforcement, have been doing a great job. We said there was a Crisis - the Fake News & the Dems said it was “manufactured.” Now all agree we were right, but they always knew that. They are crowded (which we....."
1083705208834834433,2019-01-11 20:40,immigration,"H1-B holders in the United States can rest assured that changes are soon coming which will bring both simplicity and certainty to your stay, including a potential path to citizenship. We want to encourage talented and highly skilled people to pursue career options in the U.S."
1110655481108971522,2019-03-27 05:31,immigration,"Thank you to the House Republicans for sticking together and the BIG WIN today on the Border. Today’s vote simply reaffirms Congressional Democrats are the party of Open Borders, Drugs and Crime!"
1090950891207823362,2019-01-31 20:32,immigration,"With Murders up 33% in Mexico, a record, why wouldn’t any sane person want to build a Wall! Construction has started and will not stop until it is finished. @LouDobbs @foxandfriends"
1112689440303009794,2019-04-01 20:13,immigration,"Democrats, working with Republicans in Congress, can fix the Asylum and other loopholes quickly. We have a major National Emergency at our Border. GET IT DONE NOW!"
1142767618086133761,2019-06-23 20:13,immigration,"I want to give the Democrats every last chance to quickly negotiate simple changes to Asylum and Loopholes. This will fix the Southern Border, together with the help that Mexico is now giving us. Probably won’t happen, but worth a try. Two weeks and big Deportation begins!"
1144029089465958401,2019-06-26 18:46,other,"Ever since the passage of the Super Predator Crime Bill, pushed hard by @ JoeBiden, together with Bill and Crooked Hillary Clinton, which inflicted great pain on many, but especially the African American Community, Democrats have tried and failed to pass Criminal Justice Reform..."
1182709748619198464,2019-10-12 01:29,other,"We love you @MinneapolisPD, THANK YOU! #LESM https://t.co/fkOL8dCNP2"
1163423230398476288,2019-08-19 20:11,other,"....got fired. Wrote a very nice book about me just recently. Now the book is a lie? Said his wife was driving him crazy, “something big” was happening with her. Getting divorced. He was a mental wreck. We didn’t want him around. Now Fake News puts him on like he was my buddy!"
1097488256848007173,2019-02-18 21:29,other,“This was an illegal coup attempt on the President of the United States.” Dan Bongino on @foxandfriends  True!
1136402984923852801,2019-06-06 06:42,other,"....talks with Mexico will resume tomorrow with the understanding that, if no agreement is reached, Tariffs at the 5% level will begin on Monday, with monthly increases as per schedule. The higher the Tariffs go, the higher the number of companies that will move back to the USA!"
1158706058724040704,2019-08-06 19:47,other,"....in 2020.” Lou Dobbs stated that this is a fraud on the American public. @peterschweizer stated with certainty that they suppressed negative stories on Hillary Clinton, and boosted negative stories on Donald Ttump. All very illegal. We are watching Google very closely!"
1187819045690773504,2019-10-26 03:51,other,"It was my great honor to deliver the keynote address at the 2019 Second Step Presidential Justice Forum hosted by the 20/20 Bipartisan Justice Center in South Carolina, and my true honor to receive the Bipartisan Justice Award, thank you! https://t.co/uF9IWnI1pH"
1131215959107231745,2019-05-22 23:11,other,"..BETWEEN RUSSIA AND THE TRUMP CAMPAIGN. Mr. McGahn can be forgiven for declining the honor of appearing in Mr. Nadler’s pseudo-impeachment drama.”   Wall Street Journal Editorial Board Today - May 21, 2019"
1189614076743376897,2019-10-31 02:44,other,"Early voting in Louisiana for a man who will be a Great Governor, @EddieRispone, on Saturday, November 2nd. He will get your Auto Insurance and Taxes way down. He will protect your Military, Vets, Second Amendment and Energy...."
1149279676587630593,2019-07-11 19:30,other,"....The Fake News is not as important, or as powerful, as Social Media. They have lost tremendous credibility since that day in November, 2016, that I came down the escalator with the person who was to become your future First Lady. When I ultimately leave office in six......"
1187222295556874241,2019-10-24 12:20,immigration,"(Kiddingly) We’re building a Wall in Colorado”(then stated, “we’re not building a Wall in Kansas but they get the benefit of the Wall we’re building on the Border”) refered to people in the very packed auditorium, from Colorado & Kansas, getting the benefit of the Border Wall!"
1183693719914106880,2019-10-14 18:39,other,"....Democrat’s game was foiled when we caught Schiff fraudulently making up my Ukraine conversation, when I released the exact conversation Transcript, and when Ukrainian President and the Foreign Minister said there was NO PRESSURE, very normal talk! A total Impeachment Scam!"
1147955464472338434,2019-07-08 03:48,immigration,"....brought up, not them) because the Dems won’t change the Loopholes and Asylum. Big Media Con Job!"
1208471806815997953,2019-12-22 03:38,other,"Last night I was so proud to have signed the largest Defense Bill ever. The very vital Space Force was created. New planes, ships, missiles, rockets and equipment of every kind, and all made right here in the USA. Additionally, we got Border Wall (being built) funding. Nice!"
1186985455058898945,2019-10-23 20:39,other,Big success on the Turkey/Syria Border. Safe Zone created! Ceasefire has held and combat missions have ended. Kurds are safe and have worked very nicely with us. Captured ISIS prisoners secured. I will be making a statement at 11:00 A.M. from the White House. Thank you!
1083759500618805254,2019-01-12 00:16,immigration,"...The Steel Barrier, or Wall, should have been built by previous administrations long ago. They never got it done - I will. Without it, our Country cannot be safe. Criminals, Gangs, Human Traffickers, Drugs & so much other big trouble can easily pour in. It can be stopped cold!"
1177262335771021312,2019-09-27 00:43,other,"A whistleblower with second hand information? Another Fake News Story! See what was said on the very nice, no pressure, call. Another Witch Hunt!"
1134469934816346113,2019-05-31 22:41,immigration,"90% of the Drugs coming into the United States come through Mexico & our Southern Border. 80,000 people died last year, 1,000,000 people ruined. This has gone on for many years & nothing has been done about it. We have a 100 Billion Dollar Trade Deficit with Mexico. It’s time!"
1153667150458081282,2019-07-23 22:04,immigration,"When an old Wall at the Southern Border, that is crumbling and falling over, built in an important section to keep out problems, is replaced with a brand new 30 foot high steel and concrete Wall, the Media says no new Wall has been built. Fake News! Building lots of Wall!"
1127714988313980928,2019-05-13 07:19,immigration,The “Constitutional Crisis” is the Democrats refusing to work. Let them start by fixing the mess that their Immigration Laws have caused at the Southern Border.
1174499065335144448,2019-09-19 09:42,other,"All Polls, and some brand new Polls, show very little support for impeachment. Such a waste of time, especially with sooo much good that could be done, including prescription drug price reduction, healthcare, infrastructure etc."
1164141252125843456,2019-08-21 19:44,immigration,"Brandon Judd, President, National Border Patrol Council. “This will effectively end Catch and Release and curb illegal entries.”"
1089519559126802432,2019-01-27 21:44,immigration,"We are not even into February and the cost of illegal immigration so far this year is $18,959,495,168. Cost Friday was $603,331,392. There are at least 25,772,342 illegal aliens, not the 11,000,000 that have been reported for years, in our Country. So ridiculous! DHS"
1181576256904744964,2019-10-08 22:25,other,"Thank you to Lt. Bob Kroll of the great Minneapolis Police Department for your kind words on @foxandfriends. The Police are fighting the Radical Left Mayor, and his ridiculous Uniform Ban. Actually, I LOVE the Cops for Trump shirts. Want to bring some home. I am with you 100%!!!!"
1183823969197146115,2019-10-14 14:16,other,"Some people want the United States to protect the 7,000 mile away Border of Syria, presided over by Bashar al-Assad, our enemy. At the same time, Syria and whoever they chose to help, wants naturally to protect the Kurds...."
1111653530316746752,2019-03-29 23:37,immigration,"....through their country and our Southern Border. Mexico has for many years made a fortune off of the U.S., far greater than Border Costs. If Mexico doesn’t immediately stop ALL illegal immigration coming into the United States throug our Southern Border, I will be CLOSING....."
1207857396913201154,2019-12-20 10:56,other,“This is political malpractice. This is a horrible judgement call on the part of the Speaker. You put your members in Trump friendly districts in a very difficult spot. It’s only going to extend it out further. This looks like the joke that it actually is.” Ben Domenech
1189614078534311936,2019-10-31 02:44,other,"....Your current Governor, John Bel Edwards, has done a poor job with economic development (last in nation) and auto insurance (highest in nation) wants to raise your taxes BIG - vote for Eddie starting Saturday!"
1150720283654938625,2019-07-15 18:54,other,"When will the Radical Left Congresswomen apologize to our Country, the people of Israel and even to the Office of the President, for the foul language they have used, and the terrible things they have said. So many people are angry at them & their horrible & disgusting actions!"
1149282146634403841,2019-07-11 19:39,other,"....months, the lowest since 1972.” The Wall Street Journal Editorial Board, A Tale of Two Economies. @IngrahamAngle"
1173806093635444736,2019-09-17 11:49,other,"If you want to stop the drug smugglers, human traffickers, and vicious MS-13 gang members from threatening our communities and poisoning our youth, you have only one choice — you must elect more REPUBLICANS! #KAG2020 https://t.co/L4neBV2SEo"
1114290701334802433,2019-04-06 06:16,immigration,Just checked out the new Wall on the Border - GREAT! Leaving now for L.A.
1169356703126773762,2019-09-04 16:08,other,1. Which country has the largest carbon emission reduction? AMERICA! 2. Who has dumped the most carbon into the air? CHINA! 3. 91% of the world’s population are exposed to air pollution above the World Health Organization’s suggested level. NONE ARE IN THE U.S.A.!
1207046521440686080,2019-12-17 15:14,other,Congresswoman Kay @ GrangerCampaign has worked hard for Texas and been a strong supporter of our # MAGA Agenda. She’s strong on # 2A and Securing our Border and is 100% pro-life. Kay has my Complete and Total Endorsement!
1088058726794387456,2019-01-23 20:59,immigration,BUILD A WALL & CRIME WILL FALL!
1140119581983481856,2019-06-16 12:51,immigration,"....More and more states want to do this but their governors and leaders don’t have the courage to do so. The politics will soon mandate, however, because people from California, & all over the land, are demanding that Sanctuary Cities be GONE. No illegals, Drugs or Trafficking!"
1116911640568573952,2019-04-13 11:51,immigration,"In New York State, Democrats blocked a Bill expanding College Tuition for Gold Star families after approving aid for illegal immigrants. No wonder so many people are leaving N.Y. Very Sad!"
1187714024378646531,2019-10-25 20:54,other,"“Donald J. Trump is an absolutely historic President already, in less than 3 years in office. His record is there for everyone to look at & to examine and compare. This is an illegitimate effort to overthrow a President, not a formal Impeachment inquiry.” @LouDobbs  Thank you Lou"
1178477539653771264,2019-09-30 09:11,other,"....If the Democrats are successful in removing the President from office (which they will never be), it will cause a Civil War like fracture in this Nation from which our Country will never heal.” Pastor Robert Jeffress, @FoxNews"
1087496320712093697,2019-01-22 07:45,immigration,"Democrats are kidding themselves (they don’t really believe it!) if they say you can stop Crime, Drugs, Human Trafficking and Caravans without a Wall or Steel Barrier. Stop playing games and give America the Security it deserves. A Humanitarian Crisis!"
1149317468730662912,2019-07-11 09:00,other,"Now the Democrats have asked to see 12 more people who have already spent hours with Robert Mueller, and spent a fortune on lawyers in so doing. How many bites at the apple do they get before working on Border Loopholes and Asylum. They also want to interview the highly......"
1114156288555016193,2019-04-05 21:22,immigration,Heading to the Southern Border to show a section of the new Wall being built! Leaving now!
1149658628552445954,2019-07-12 20:35,other,"@SebGorka Wins Big, No Contest!"
1080677601046347777,2019-01-03 12:09,immigration,"Sadly, there can be no REAL Border Security without the Wall!"
1188048257177587712,2019-10-26 19:02,other,"....They exonerated him completely of being an agent of Russia (Recently Crooked Hillary charged Tulsi Gabbard & Jill Stein with the same thing-SICK), and yet Mr. Comey still runs to the White House on February 14 and conjures up the Obstruction of Justice narrative against....."
1116167275948597249,2019-04-11 10:33,immigration,I think what the Democrats are doing with the Border is TREASONOUS. Their Open Border mindset is putting our Country at risk. Will not let this happen!
1179411261337067520,2019-10-02 23:02,immigration,"Now the press is trying to sell the fact that I wanted a Moat stuffed with alligators and snakes, with an electrified fence and sharp spikes on top, at our Southern Border. I may be tough on Border Security, but not that tough. The press has gone Crazy. Fake News!"
1117208514202669056,2019-04-14 07:30,immigration,"The New York Times Sanctuary Cities/Immigration story today was knowingly wrong on almost every fact. They never call to check for truth. Their sources often don’t even exist, a fraud. They will lie & cheat anyway possible to make me look bad. In 6 years they will be gone........"
1140357430095810560,2019-06-17 04:36,other,"......If Republicans ever did that to the Democrats, there would be all hell to pay. It would be a scandal like no other!"
1108479818000224256,2019-03-21 05:25,other,ISIS Caliphate two years ago in red vs. ISIS Caliphate TODAY. (Was even worse in November 2016 before I took office). https://t.co/MUgfex4rCj
1155801677485789184,2019-07-29 19:26,other,"Al Sharpton would always ask me to go to his events. He would say, “it’s a personal favor to me.” Seldom, but sometimes, I would go. It was fine. He came to my office in T.T. during the presidential campaign to apologize for the way he was talking about me. Just a conman at work!"
1116742282286440448,2019-04-13 00:38,immigration,"....The Radical Left always seems to have an Open Borders, Open Arms policy – so this should make them very happy!"
1082032550112047104,2019-01-07 05:53,immigration,"V.P. Mike Pence and group had a productive meeting with the Schumer/Pelosi representatives today. Many details of Border Security were discussed. We are now planning a Steel Barrier rather than concrete. It is both stronger & less obtrusive. Good solution, and made in the U.S.A."
1097839397758795778,2019-02-19 20:44,immigration,"As I predicted, 16 cities, led mostly by Open Border Democrats and the Radical Left, have filed a lawsuit in, of course, the 9th Circuit! California, the state that has wasted billions of dollars on their out of control Fast Train, with no hope of completion, seems in charge!"
1111355230573211650,2019-03-29 03:51,immigration,"We have a National Emergency at our Southern Border. The Dems refuse to do what they know is necessary - amend our immigration laws. Would immediately solve the problem! Mexico, with the strongest immigration laws in the World, refuses to help with illegal immigration & drugs!"
1179189266234167297,2019-10-02 08:20,other,The Greatest Witch Hunt in the history of our Country! https://t.co/7moLU6UTcE
1127755538765438977,2019-05-13 10:00,other,....overthrow the President through an illegal coup.” (Recommended by previous DOJ) @TomFitton @JudicialWatch
1083356326833602561,2019-01-10 21:34,immigration,"There is GREAT unity with the Republicans in the House and Senate, despite the Fake News Media working in overdrive to make the story look otherwise. The Opposition Party & the Dems know we must have Strong Border Security, but don’t want to give “Trump” another one of many wins!"
1167037101038342146,2019-08-29 19:31,other,"Crazy Lawrence O’Donnell, who has been calling me wrong from even before I announced my run for the Presidency, even being previously forced by NBC to apologize, which he did while crying, for things he said about me & The Apprentice, was again forced to apologize, this time....."
1087700192864944128,2019-01-22 21:15,other,"FBI top lawyer confirms “unusual steps.” They relied on the Clinton Campaign’s Fake & Unverified “Dossier,” which is illegal. “That has corrupted them. That has enabled them to gather evidence by UNCONSTITUTIONAL MEANS, and that’s what they did to the President.” Judge Napolitano"
1115802105057562634,2019-04-10 10:22,immigration,"Everybody is now acknowledging that, right from the time I announced my run for President, I was 100% correct on the Border. Remember the heat I took? Democrats should now get rid of the loopholes. The Border is being fixed. Mexico will not let people through!"
1094990198507819008,2019-02-12 00:03,immigration,Will be heading to El Paso very soon. Big speech on Border Security and much else tonight. Tremendous crowd! See you later!
1180836514743357440,2019-10-06 21:25,other,"The Democrats are lucky that they don’t have any Mitt Romney types. They may be lousy politicians, with really bad policies (Open Borders, Sanctuary Cities etc.), but they stick together!"
1081528502602612736,2019-01-05 20:31,immigration,"Great support coming from all sides for Border Security (including Wall) on our very dangerous Southern Border. Teams negotiating this weekend! Washington Post and NBC reporting of events, including Fake sources, has been very inaccurate (to put it mildly)!"
1180117361380200448,2019-10-04 21:47,other,"“The witness was asked at least 20 times, and there definitely was no Quid Pro Quo.”  @RepMarkMeadows @FoxNews  Their whole case was built around this, now they no longer mention!"
1171074780566622208,2019-09-09 22:55,other,"The Trump Administration has achieved more in the first 2 1/2 years of its existence than perhaps any administration in the history of our Country. We get ZERO media credit for what we have done, and are doing, but the people know, and that’s all that is important!"
1083540470570143750,2019-01-11 09:45,other,Will be interviewed at the Border by @seanhannity on @FoxNews tonight at 9:00. Enjoy!
1138040393033895936,2019-06-10 19:09,immigration,"When will the Failing New York Times admit that their front page story on the  the new Mexico deal at the Border is a FRAUD and nothing more than a badly reported “hit job” on me, something that has been going on since the first day I announced for the presidency! Sick Journalism"
1185899575669919745,2019-10-20 20:44,immigration,The WALL is making a very big difference. Even Dems in area are happy! https://t.co/NDzq2oIsHV
1146016073600372736,2019-07-02 19:21,other,"People are fleeing New York like never before. If they own a business, they are twice as likely to flee. And if they are a victim of harassment by the A.G. of the state, like what they are doing to our great NRA, which I think will move quickly to Texas, where they are loved....."
1117218059738079233,2019-04-14 08:08,immigration,"Democrats must change the Immigration Laws FAST. If not, Sanctuary Cities must immediately ACT to take care of the Illegal Immigrants - and this includes Gang Members, Drug Dealers, Human Traffickers, and Criminals of all shapes, sizes and kinds. CHANGE THE LAWS NOW!"
1087159116538228736,2019-01-21 09:25,immigration,"To all of the great people who are working so hard for your Country and not getting paid I say, THANK YOU - YOU ARE GREAT PATRIOTS! We must now work together, after decades of abuse, to finally fix the Humanitarian, Criminal & Drug Crisis at our Border. WE WILL WIN BIG!"
1207292709230325760,2019-12-18 07:33,other,Sean P is a much stronger candidate!https://twitter.com/dbongino/status/1207076232849960960 …
1130183995587813383,2019-05-20 02:50,other,Watched some of the Fake News Political Shows this morning and continue to be amazed at how every question is asked in the most negative way. The Mainstream Media should be ashamed of itself - But the good news is that the USA is wise to your game of dishonesty and deception!
1126625647214964737,2019-05-10 07:11,other,"House Republicans should not vote for the BAD DEMOCRAT Disaster Supplemental Bill which hurts our States, Farmers & Border Security. Up for vote tomorrow. We want to do much better than this. All sides keep working and send a good BILL for immediate signing!"
1120320642686038016,2019-04-22 21:37,other,Saudi Arabia and others in OPEC will more than make up the Oil Flow difference in our now Full Sanctions on Iranian Oil. Iran is being given VERY BAD advice by @JohnKerry and people who helped him lead the U.S. into the very bad Iran Nuclear Deal. Big violation of Logan Act?
1155223906959147008,2019-07-28 05:10,immigration,"Democrats don’t care about Border Security. They refuse to give the votes necessary to fix the Loopholes and Asylum. Would be so easy! They want Open Borders, which means CRIME,CRIME,CRIME!"
1149345680189722630,2019-07-11 10:52,other,"...The Fake News is not as important, or as powerful, as Social Media. They have lost tremendous credibility since that day in November, 2016, that I came down the escalator with the person who was to become your future First Lady. When I ultimately leave office in six..."
1171013146078777344,2019-09-09 18:51,immigration,"North Carolina, vote for Dan Bishop tomorrow. We need him badly in Washington! His opponent is a far left Sanctuary Cities supporter."
1149282144411377664,2019-07-11 19:39,other,"“Nearly one million more blacks and two million more Hispanics are employed than when Barrack Obama left office, and minorities account for more than half of all new jobs created during the Trump Presidency. Unemployment among black women has hovered near 5% for the last six....."
1113091756130742273,2019-04-02 22:52,immigration,"“I haven’t seen any Democrats down here at the Border working with us or asking to speak to any of us. They have an open invitation. We are getting overrun, our facilities are overcapacity. We are at an emergency crisis.” Art Del Cueto, National Border Patrol Council."
1102661631568461824,2019-03-05 04:06,other,"“Now that the Dems are going to try & switch from Collusion to some other reason, it makes them continue to look like sore losers who didn’t accept the WILL OF THE PEOPLE in the last election - they will do anything to get rid of the President.” @AriFleischer It will never work!"
1186114296524267520,2019-10-21 10:57,other,"Thank you John, so nice! https://t.co/OgNZ4kvFT1"
1153126580652318720,2019-07-22 10:16,immigration,"....Based on the comments made by Senator Schumer, he must have seen how dangerous & bad for our Country the Border is. It is not a “manufactured crisis,” as the Fake News Media & their Democrat partners tried to portray. He said he wants to meet. I will set up a meeting ASAP!"
1105805989545021440,2019-03-13 20:21,other,"The just revealed FBI Agent Lisa Page transcripts make the Obama Justice Department look exactly like it was, a broken and corrupt machine. Hopefully, justice will finally be served. Much more to come!"
1107253742271901696,2019-03-17 20:13,other,"....Should Federal Election Commission and/or FCC look into this? There must be Collusion with the Democrats and, of course, Russia! Such one sided media coverage, most of it Fake News. Hard to believe I won and am winning. Approval Rating 52%, 93% with Republicans. Sorry!  #MAGA"
1167651639806898176,2019-08-31 12:13,other,"I am monitoring Hurricane Dorian and receiving frequent briefings and updates. It is important to heed the directions of your State and Local Officials. This is an extremely dangerous storm, please prepare and be safe! @FEMA @NWS @NOAA @Readygov @FLSERT https://t.co/Fee9EB1wQk"
1204782262912503808,2019-12-11 23:17,other,"Wow! All of our priorities have made it into the final NDAA: Pay Raise for our Troops, Rebuilding our Military, Paid Parental Leave, Border Security, and Space Force! Congress – don’t delay this anymore! I will sign this historic defense legislation immediately!"
1174696521914339328,2019-09-19 22:47,other,"....Knowing all of this, is anybody dumb enough to believe that I would say something inappropriate with a foreign leader while on such a potentially “heavily populated” call. I would only do what is right anyway, and only do good for the USA!"
1134206851174862856,2019-05-31 05:16,immigration,"Yesterday, Border Patrol agents apprehended the largest group of illegal aliens ever: 1,036 people who illegally crossed the border in El Paso around 4am. Democrats need to stand by our incredible Border Patrol and finally fix the loopholes at our Border! https://t.co/6K1rIUzorM"
1126834718316683265,2019-05-10 21:01,other,"Great Consumer Price Index just out. Really good, very low inflation! We have a great chance to “really rock!” Good numbers all around."
1171642393583656961,2019-09-11 12:31,other,Alice @alicetweet Stewart: Thank you for the nice words while on @CNN concerning the TWO big Republican Congressional victories. You’d be great on a network with much higher ratings. Keep up the good work!
1146016074384773120,2019-07-02 19:21,other,"...Texas will defend them & indemnify them against political harassment by New York State and Governor Cuomo. So many people are leaving New York for Texas and Florida that it is totally under siege. First New York taxes you too high, then they sue you, just to complete the job"
1141445414824136704,2019-06-20 04:39,other,"Just returning from Orlando and Doral (Miami), Florida, and heading to the Oval Office, where I will present the great Economist, Dr. Arthur Laffer, with the Presidential Medal of Freedom."
1182865849851338753,2019-10-12 11:49,other,"LOUISIANA — Tomorrow, you will head to the polls and VOTE to REPLACE Liberal Democrat John Bel Edwards with a great new REPUBLICAN Governor! Get out and vote for either @DocAbraham or @EddieRispone (BOTH GREAT)! https://t.co/Qyu6z9nZXr"
1172520695605207041,2019-09-13 09:41,immigration,"Illegal Immigration costs the USA over 300 Billion Dollars a year. There is no reason for this, and things are being set in motion to have this number come WAY DOWN. Democrats could end Loopholes and it would be a whole lot easier, and faster. But it will all happen anyway!...."
1195360243708047366,2019-11-15 09:17,other,"Another Record Stock Market, 21 times this year, despite an ongoing, & totally unfounded, Witch Hunt, & a Democrat Party that would love to see a nice, big, juicy recession. In actuality, the potential for the United States is unlimited. We will power through the Do Nothing Dems!"
1181940394604535809,2019-10-09 22:32,immigration,"....DACA stand, with all of its negative legal implications, the Republicans and Democrats will have a DEAL to let them stay in our Country, in very short order. It would actually benefit DACA, and be done the right way!"
1175923717534150656,2019-09-23 08:03,other,"..Breaking News: The Ukrainian Government just said they weren’t pressured at all during the “nice” call. Sleepy Joe Biden, on the other hand, forced a tough prosecutor out from investigating his son’s company by threat of not giving big dollars to Ukraine. That’s the real story!"
1138434259637690375,2019-06-11 21:14,other,"....If Mexico produces (which I think they will). Biggest part of deal with Mexico has not yet been revealed! China is similar, except they devalue currency and subsidize companies to lessen effect of 25% Tariff. So far, little effect to consumer. Companies will relocate to U.S."
1129877776377483270,2019-05-19 06:33,immigration,"Courts & Dems in Congress, neither of which have a clue, are trying to FORCE migrants into our Country! OUR COUNTRY IS FULL, OUR DETENTION CENTERS, HOSPITALS & SCHOOLS ARE PACKED. Crazy!"
1118155023849017345,2019-04-16 22:11,other,"So weird to watch Crazy Bernie on @FoxNews. Not surprisingly, @BretBaier and the “audience” was so smiley and nice. Very strange, and now we have @donnabrazile?"
1116891452003557376,2019-04-13 10:30,immigration,"If the Radical Left Democrats all of a sudden don’t want the Illegal Migrants in their Sanctuary Cities (no more open arms), why should others be expected to take them into their communities? Go home and come into our Country legally and through a system of Merit!"
1210345748933595137,2019-12-26 17:44,other,"“Nancy Pelosi is trying to usurp the Constitutional role of the Senate. The longer this goes on, the more petty, partisan & political it all looks.” @ KarlRove @ FoxNews Just more of the same from the Do Nothing Dems. Nancy should be helping the record number of homeless in her D!"
1080447092882112512,2019-01-02 20:53,other,"Here we go with Mitt Romney, but so fast! Question will be, is he a Flake?  I hope not. Would much prefer that Mitt focus on Border Security and so many other things where he can be helpful. I won big, and he didn’t. He should be happy for all Republicans. Be a TEAM player & WIN!"
1150874783309094913,2019-07-16 05:08,immigration,"....They are anti-Israel, pro Al-Qaeda, and comment on the 9/11 attack, “some people did something.” Radical Left Democrats want Open Borders, which means drugs, crime, human trafficking, and much more...."
1116699102438461442,2019-04-12 21:46,other,"“Democrats don’t like the results of the Mueller Report, so now they’re trying everything else.”  @RepDougCollins  They should stop wasting time and money and get back to real legislating, especially on the Border!"
1126108888623919105,2019-05-08 20:57,other,“The real “Obstruction of Justice” is what the Democrats are trying to do to this Attorney General.” Congressman Jim Jordan (R-Ohio). @MariaBartiromo
1101588728500363265,2019-03-02 05:03,other,"....for Otto’s mistreatment and death. Most important, Otto Warmbier will not have died in vain. Otto and his family have become a tremendous symbol of strong passion and strength, which will last for many years into the future. I love Otto and think of him often!"
1129334905228468224,2019-05-17 18:36,immigration,"The Democrats now realize that there is a National Emergency at the Border and that, if we work together, it can be immediately fixed. We need Democrat votes and all will be well!"
1154883345546928128,2019-07-27 06:37,immigration,"Wow! Big VICTORY on the Wall. The United States Supreme Court overturns lower court injunction, allows Southern Border Wall to proceed. Big WIN for Border Security and the Rule of Law!"
1120655199130017792,2019-04-23 06:46,immigration,The Wall is being rapidly built! The Economy is GREAT! Our Country is Respected again!
1136402982860312576,2019-06-06 06:42,immigration,"Immigration discussions at the White House with representatives of Mexico have ended for the day. Progress is being made, but not nearly enough! Border arrests for May are at 133,000 because of Mexico & the Democrats in Congress refusing to budge on immigration reform. Further..."
1083426878336036865,2019-01-11 02:14,immigration,"Because of the Democrats intransigence on Border Security and the great importance of Safety for our Nation, I am respectfully cancelling my very important trip to Davos, Switzerland for the World Economic Forum. My warmest regards and apologies to the @WEF!"
1171431074485817344,2019-09-10 22:31,other,"One of the greatest and most powerful weapons used by the Fake and Corrupt News Media is the phony Polling Information they put out. Many of these polls are fixed, or worked in such a way that a certain candidate will look good or bad. Internal polling looks great, the best ever!"
1130870086531727360,2019-05-22 00:16,immigration,"I am very disappointed that Mexico is doing virtually nothing to stop illegal immigrants from coming to our Southern Border where everyone knows that because of the Democrats, our Immigration Laws are totally flawed & broken..."
1205483006405808128,2019-12-13 21:42,other,"How do you get Impeached when you have done NOTHING wrong (a perfect call), have created the best economy in the history of our Country, rebuilt our Military, fixed the V.A. (Choice!), cut Taxes & Regs, protected your 2nd A, created Jobs, Jobs, Jobs, and soooo much more? Crazy!"
1134466523114999809,2019-05-31 22:27,immigration,"In order not to pay Tariffs, if they start rising, companies will leave Mexico, which has taken 30% of our Auto Industry, and come back home to the USA. Mexico must take back their country from the drug lords and cartels. The Tariff is about stopping drugs as well as illegals!"
1153627261058392064,2019-07-23 19:25,other,"....Best and Newest Military (almost totally rebuilt from the depleted military I took over) in History, Best V.A. in History (Choice), and MUCH, MUCH MORE. Gee, let’s impeach the President. The “Squad” (AOC Plus 3) and other Dems suffer from Trump Derangement Syndrome. Crazy!"
1122337240330297344,2019-04-28 11:10,other,"The Democratic National Committee, sometimes referred to as the DNC, is again working its magic in its quest to destroy Crazy Bernie Sanders...."
1144419410729242625,2019-06-28 09:37,immigration,All Democrats just raised their hands for giving millions of illegal aliens unlimited healthcare. How about taking care of American Citizens first!? That’s the end of that race!
1171942312919875584,2019-09-12 08:23,immigration,....The Southern Border is becoming very strong despite the obstruction by Democrats not agreeing to do anything on Loopholes or Asylum!
1201566010521858048,2019-12-03 02:17,other,"In the 3 decades before my election, NATO spending declined by two-thirds, and only 3 other NATO members were meeting their financial obligations. Since I took office, the number of NATO allies fulfilling their obligations more than DOUBLED, and NATO spending increased by $130B!"
1112687993528217602,2019-04-01 20:07,other,"Now that the long awaited Mueller Report conclusions have been released, most Democrats and others have gone back to the pre-Witch Hunt phase of their lives before Collusion Delusion took over. Others are pretending that their former hero, Bob Mueller, no longer exists!"
1175527079544332288,2019-09-22 05:47,other,....with a foreign leader. Was this person officially asked to listen to the conversation or was he or she secretly listening in?” @GreggJarrett
1091088740947320833,2019-02-01 05:40,other,"Just concluded a great meeting with my Intel team in the Oval Office who told me that what they said on Tuesday at the Senate Hearing was mischaracterized by the media - and we are very much in agreement on Iran, ISIS, North Korea, etc. Their testimony was distorted press.... https://t.co/Zl5aqBmpjF"
1177177706729017344,2019-09-26 19:06,other,"So cute! Her father is under siege, for no reason, since his first day in office! https://t.co/8wtB3H4fth"
1151661766562275328,2019-07-18 09:15,immigration,"Together, we will continue unleashing the power of American enterprise, so every American can know the dignity of work and the pride of a paycheck. With your help, we will elect a Republican Congress to create a safe, modern, fair, and LAWFUL system of immigration! #MAGA2020 https://t.co/zxy6zRLGu1"
1198285634516983811,2019-11-24 01:02,other,"Daniel Cameron, who just won the A.G. race in the Great Commonwealth of Kentucky, is a young and very talented political star. You will be hearing much from Cameron in the yesrs to come!"
1106161655292010502,2019-03-14 19:54,immigration,"The Democrats are “Border Deniers.” They refuse to see or acknowledge the Death, Crime, Drugs and Human Trafficking at our Southern Border!"
1165286432308695040,2019-08-24 23:35,immigration,North Carolina Governor Cooper Vetoed a Bill that would have required Sheriffs to cooperate with Ice. This is a terrible decision for the great people of North Carolina. He should reverse his decision and get back to the basics of fighting crime!
1115011884154064896,2019-04-08 06:02,other,"Secretary of Homeland Security Kirstjen Nielsen will be leaving her position, and I would like to thank her for her service...."
1138030976578310144,2019-06-10 18:31,immigration,"We have fully signed and documented another very important part of the Immigration and Security deal with Mexico, one that the U.S. has been asking about getting for many years. It will be revealed in the not too distant future and will need a vote by Mexico’s Legislative body!.."
1135971860762439680,2019-06-05 02:09,immigration,Just had a big victory in Federal Court over the Democrats in the House on the desperately needed Border Wall. A big step in the right direction. Wall is under construction!
1084465310848163840,2019-01-13 23:00,immigration,The building of the Wall on the Southern Border will bring down the crime rate throughout the entire Country!
1098327855145062411,2019-02-21 05:05,immigration,"I have instructed Secretary of State Mike Pompeo, and he fully agrees, not to allow Hoda Muthana back into the Country!"
1083353895030702080,2019-01-10 21:24,immigration,"Cryin Chuck told his favorite lie when he used his standard sound bite that I “slammed the table & walked out of the room. He had a temper tantrum.” Because I knew he would say that, and after Nancy said no to proper Border Security, I politely said bye-bye and left, no slamming!"
1105128204719796224,2019-03-11 23:27,immigration,"Republican Senators have a very easy vote this week. It is about Border Security and the Wall (stopping Crime, Drugs etc.), not Constitutionality and Precedent. It is an 80% positive issue. The Dems are 100% United, as usual, on a 20% issue, Open Borders and Crime. Get tough R’s!"
1151867786236440576,2019-07-18 22:54,other,"....of which was squandered away or wasted, never to be seen again. This is more than twice the amount given to Texas & Florida combined. I know the people of Puerto Rico well, and they are great. But much of their leadership is corrupt, & robbing the U.S. Government blind!"
1203766159255986178,2019-12-09 03:59,other,"I got NATO countries to pay 530 Billion Dollars a year more, and the U.S. less, and came home to a Fake News Media that mocked me. Didn’t think that was possible!"
1142409512240013313,2019-06-22 20:30,immigration,"The people that Ice will apprehend have already been ordered to be deported. This means that they have run from the law and run from the courts. These are people that are supposed to go back to their home country. They broke the law by coming into the country, & now by staying."
1207339280504414212,2019-12-18 10:38,other,"In the end here, nothing happened. We don’t approach anything like the egregious conduct that should be necessary before a President should be removed from office. I believe that a President can’t be removed from office if there is no reasonable possibility that the Senate.."
1105873274804813824,2019-03-14 00:48,immigration,Republican Senators are overthinking tomorrow’s vote on National Emergency. It is very simply Border Security/No Crime - Should not be thought of any other way. We have a MAJOR NATIONAL EMERGENCY at our Border and the People of our Country know it very well!
1121044792945926144,2019-04-24 21:34,immigration,"Can anyone comprehend what a GREAT job Border Patrol and Law Enforcement is doing on our Southern Border. So far this year they have APPREHENDED 418,000 plus illegal immigrants, way up from last year. Mexico is doing very little for us. DEMS IN CONGRESS MUST ACT NOW!"
1116907128445394944,2019-04-13 11:33,immigration,"Another Fake Story on @NBCNews that I offered Pardons to Homeland Securiy personnel in case they broke the law regarding illegal immigration and sanctuary cities. Of course this is not true. Mainstream Media is corrupt and getting worse, if that is possible, every day!"
1114153614216441856,2019-04-05 21:11,immigration,"....However, if for any reason Mexico stops apprehending and bringing the illegals back to where they came from, the U.S. will be forced to Tariff at 25% all cars made in Mexico and shipped over the Border to us. If that doesn’t work, which it will, I will close the Border......."
1198692474224627712,2019-11-25 03:58,other,"This is a great and well reseached book on Justice K. The Ruth Marcus book is a badly written & reseached disaster. So many incorrect facts. Fake News, just like the @washingtonpost! https://t.co/i6GwghuEsU"
1121829933679042565,2019-04-27 01:34,other,Great NRA crowd and enthusiasm in Indiana. Thank you! Leaving now for meetings in the Oval Office.
1185367080780156930,2019-10-19 09:28,other,"Corrupt Congressman Adam Schiff is angry that Ambassadors that he thought would be good for his fraudulent Witch Hunt, are turning out to be good for me - some really good! He’s got all meetings locked down, no transparency, only his illegal leaks. A very dishonest sleazebag!"
1180487139546546182,2019-10-05 22:17,other,"Mitt Romney never knew how to win. He is a pompous “ass” who has been fighting me from the beginning, except when he begged me for my endorsement for his Senate run (I gave it to him), and when he begged me to be Secretary of State (I didn’t give it to him). He is so bad for R’s!"
1118480533854543881,2019-04-17 19:45,immigration,"Democrats in Congress must return from their Vacations and change the Immigration Laws, or the Border, despite the great job being done by Border Patrol, will only get worse. Big sections of Wall now being built!"
1131393056299786240,2019-05-23 10:54,immigration,Democrats don’t want to fix the loopholes at the Border. They don’t want to do anything. Open Borders and crime!
1137153600373891072,2019-06-08 08:25,other,"I am pleased to inform you that The United States of America has reached a signed agreement with Mexico. The Tariffs scheduled to be implemented by the U.S. on Monday, against Mexico, are hereby indefinitely suspended. Mexico, in turn, has agreed to take strong measures to......"
1124653429366906882,2019-05-04 20:34,other,"When will the Radical Left Wing Media apologize to me for knowingly getting the Russia Collusion Delusion story so wrong? The real story is about to happen! Why is @nytimes, @washingtonpost, @CNN, @MSNBC allowed to be on Twitter & Facebook. Much of what they do is FAKE NEWS!"
1080109395357380613,2019-01-01 22:32,immigration,"The Democrats, much as I suspected, have allocated no money for a new Wall. So imaginative! The problem is, without a Wall there can be no real Border Security - and our Country must finally have a Strong and Secure Southern Border!"
1211030803179876353,2019-12-29 05:06,other,I want to thank Rush Limbaugh for the tremendous support he has given to the MAKE AMERICA GREAT AGAIN Movement and our KEEP AMERICA GREAT Agenda! He is a major star who never wavered despite the Fake News Hits he has had to endure. His voice is far bigger than theirs!
1146245459268263938,2019-07-03 10:33,immigration,A very sad time for America when the Supreme Court of the United States won’t allow a question of “Is this person a Citizen of the United States?” to be asked on the #2020 Census! Going on for a long time. I have asked the Department of Commerce and the Department of Justice....
1138433774327410688,2019-06-11 21:12,other,"...Companies to come to the U.S.A and to get companies that have left us for other lands to come back home. We stupidly lost 30% of our auto business to Mexico. If the Tariffs went on at the higher level, they would all come back, and pass. But very happy with the deal I made,..."
1087494416347074561,2019-01-22 07:37,immigration,Four people in Nevada viciously robbed and killed by an illegal immigrant who should not have been in our Country. 26 people killed on the Border in a drug and gang related fight. Two large Caravans from Honduras broke into Mexico and are headed our way. We need a powerful Wall!
1154873893204713479,2019-07-27 05:59,immigration,“@DHSgov @DHSMcAleenan Puts Guatemalan Migrants on Fast Track Home” https://t.co/SrkbGqsqvv
1154194140357439489,2019-07-25 08:58,other,Thank you Rep. @DevinNunes! https://t.co/sifmkN7HDz
1144029093358235648,2019-06-27 07:46,other,"....They came to me asking for help, and I got Criminal Justice Reform passed, with help from both Republicans and Democrats. Many said that nobody but President Trump could have done this. All previous administrations failed. Please ask why THEY failed to the candidates!"
1086265436138807296,2019-01-18 22:13,immigration,Another big Caravan heading our way. Very hard to stop without a Wall!
1206440095663841280,2019-12-16 13:05,other,"....of the most successful presidencies in history. Just in the last few days, incredible jobs numbers, giant trade deals, help for working families, and much more. Over the last 3 years, unemployment falling, earnings rising, criminal justice reform, the heartland revived,...."
1144030595422420993,2019-06-27 07:52,immigration,".@ByronYork: “What now, for those who denied a 'crisis' at the border?” https://t.co/g0EO7Xs0yE"
1208129708690464771,2019-12-21 04:59,other,Congressman @ScottRTipton is a great supporter of the #MAGA Agenda! He fights for your #2A rights and the Border Wall. Scott is working hard for Colorado and has my Complete and Total Endorsement!
1113950085841412096,2019-04-05 07:42,immigration,“Democrats need to help fix the border crisis or get out of Trump’s way” https://t.co/IlQ8rbjlfg
1180307953557090304,2019-10-05 10:25,other,"....of Ukraine, and cannot find any reason to charge the President with high crimes & misdemeanors. This is just a phony Witch Hunt, perpetuated by Democrats to get rid of Trump because they cannot beat him in a fair election.”  Richard Ketay"
1103036070692900865,2019-03-06 04:54,other,"Scott Gottlieb, who has done an absolutely terrific job as Commissioner of the FDA, plans to leave government service sometime next month...."
1156153429171085313,2019-07-30 18:43,immigration,"Despite the Democrats wanting very unsafe Open Borders & refusing to change the Loopholes & Asylum, tremendous progress is being made the the Southern Border. We all waited because we assumed the Dems would ultimately be forced to change the horrible Immigration Laws.They didn’t!"
1146501823190188033,2019-07-04 03:31,immigration,".....Now, if you really want to fix the Crisis at the Southern Border, both humanitarian and otherwise, tell migrants not to come into our country unless they are willing to do so legally, and hopefully through a system based on Merit. This way we have no problems at all!"
1207811646300790784,2019-12-20 07:55,other,"The great USMCA Trade Deal (Mexico & Canada) has been sitting on Nancy Pelosi’s desk for 8 months, she doesn’t even know what it says, & today, after passing by a wide margin in the House, Pelosi tried to take credit for it. Labor will vote for Trump. Trade deal is great for USA!"
1149318492711264257,2019-07-11 22:04,immigration,"Mexico is doing great at the Border, but China is letting us down in that they have not been buying the agricultural products from our great Farmers that they said they would. Hopefully they will start soon!"
1124743267873116160,2019-05-05 02:31,other,"How can it be possible that James Woods (and many others), a strong but responsible Conservative Voice, is banned from Twitter? Social Media & Fake News Media, together with their partner, the Democrat Party, have no idea the problems they are causing for themselves. VERY UNFAIR!"
1156015173997432838,2019-07-30 09:34,immigration,"Elijah Cummings never even went to the Southern Border and then he screams at the very good people who, despite Congresses failure to fix the Loopholes and Asylum, make it work (crossings are way down and the Wall is being built). Even with zero Dem help, Border getting strong!"
1191025740046716933,2019-11-04 00:13,other,“Morrison testifies he saw nothing wrong with the Trump call.” @OANN
1114673163076395009,2019-04-07 07:36,immigration,"....it’s powerful common sense Immigration Laws to stop illegals from coming through Mexico into the U.S., and removing them back to their country of origin. Until Mexico cleans up this ridiculous & massive migration, we will be focusing on Border Security, not Ports of Entry...."
1191708086140047361,2019-11-05 21:25,other,"....monsters, the United States stands ready, willing & able to get involved and do the job quickly and effectively. The great new President of Mexico has made this a big issue, but the cartels have become so large and powerful that you sometimes need an army to defeat an army!"
1116064789061439488,2019-04-11 03:45,other,"So, it has now been determined, by 18 people that truly hate President Trump, that there was No Collusion with Russia. In fact, it was an illegal investigation that should never have been allowed to start. I fought back hard against this Phony & Treasonous Hoax!"
1100012620441100290,2019-02-25 20:40,other,"Meeting for breakfast with our Nation’s Governors - then off to Vietnam for a very important Summit with Kim Jong Un. With complete Denuclearization, North Korea will rapidly become an Economic Powerhouse. Without it, just more of the same. Chairman Kim will make a wise decision!"
1158424951503884292,2019-08-06 01:10,other,"Today, I am also directing the Department of Justice to propose legislation ensuring that those who commit hate crimes and mass murders face the DEATH PENALTY - and that this capital punishment be delivered quickly, decisively, and without years of needless delay. https://t.co/BDXdpelK7F"
1121382698742841344,2019-04-25 19:57,other,"....Mueller was NOT fired and was respectfully allowed to finish his work on what I, and many others, say was an illegal investigation (there was no crime), headed by a Trump hater who was highly conflicted, and a group of 18 VERY ANGRY Democrats. DRAIN THE SWAMP!"
1106611696548884480,2019-03-16 01:42,immigration,"I’d like to thank all of the Great Republican Senators who bravely voted for Strong Border Security and the WALL. This will help stop Crime, Human Trafficking, and Drugs entering our Country. Watch, when you get back to your State, they will LOVE you more than ever before!"
1165918301932916736,2019-08-26 17:25,other,The story by Axios that President Trump wanted to blow up large hurricanes with nuclear weapons prior to reaching shore is ridiculous. I never said this. Just more FAKE NEWS!
1084474165976018944,2019-01-13 23:36,immigration,"The damage done to our Country from a badly broken Border - Drugs, Crime and so much that is bad - is far greater than a Shutdown, which the Dems can easily fix as soon as they come back to Washington!"
1107673256268623872,2019-03-19 00:00,other,GDP growth during the four quarters of 2018 was the fastest since 2005. This Administration is the first on record to have experienced economic growth that meets or exceeds its own forecasts in each of its first two years in office. GROWTH is beating MARKET EXPECTATIONS!
1130205328522522627,2019-05-20 04:15,immigration,"False reporting yesterday. “There are no plans to send migrants to Northern or Coastal Border facilities, including Florida.” @FoxNews  Not by airplanes or any other way. Our Country is FULL, will not, and can not, take you in!"
1210600560719781889,2019-12-28 00:37,other,Thank YOU Indian Country for being such an IMPORTANT part of the American story! I recently signed 3 bills to support tribal sovereignty....
1100666476422410240,2019-02-27 15:58,other,"I have now spent more time in Vietnam than Da Nang Dick Blumenthal, the third rate Senator from Connecticut (how is Connecticut doing?). His war stories of his heroism in Vietnam were a total fraud - he was never even there. We talked about it today with Vietnamese leaders!"
1125941300518432771,2019-05-08 09:51,other,"I am pleased to inform you that THE BIG FIREWORKS, after many years of not having any, are coming back to beautiful Mount Rushmore in South Dakota. Great work @GovKristiNoem and @SecBernhardt! #MAGA"
1111832153602564101,2019-03-30 11:26,other,A huge thanks to @HeatherNauert for serving America at the @StateDept. Great work! I’m proud to have you join the Fulbright board! https://t.co/oq0ZaA3MID
1134909712267436032,2019-06-02 03:48,other,"Emmet Flood, who came to the White House to help me with the Mueller Report, will be leaving service on June 14th. He has done an outstanding job – NO COLLUSION - NO OBSTRUCTION! Case Closed! Emmet is my friend, and I thank him for the GREAT JOB he has done."
1161325870516264961,2019-08-14 01:17,other,Our Intelligence has informed us that the Chinese Government is moving troops to the Border with Hong Kong. Everyone should be calm and safe!
1093661397769248769,2019-02-08 08:02,other,So nice how well my State of the Union speech was received. Thank you to all!
1106554458383806467,2019-03-15 21:55,other,....should never have been appointed and there should be no Mueller Report. This was an illegal & conflicted investigation in search of a crime. Russian Collusion was nothing more than an excuse by the Democrats for losing an Election that they thought they were going to win.....
1106973110786494466,2019-03-17 01:38,immigration,"Mark Morgan, Former Border Patrol Chief with great experience in Law Enforcement, really understands the subjects of Immigration and the Border. Thank you Mark!  @foxandfriends"
1081570073867927557,2019-01-05 23:16,immigration,"We are working hard at the Border, but we need a WALL!  In 2018, 1.7 million pounds of narcotics seized, 17,000 adults arrested with criminal records, and 6000 gang members, including MS-13, apprehended. A big Human Trafficking problem."
1130299467121475584,2019-05-20 10:29,other,"Starting Monday, our great Farmers can begin doing business again with Mexico and Canada. They have both taken the tariff penalties off of your great agricultural product. Please be sure that you are treated fairly. Any complaints should immediately go to  @SecretarySonny Perdue!"
1130093129745543168,2019-05-19 20:49,other,"....was a depleted disaster, will soon be stronger than ever before, our Vets are finally being taken care of and now have Choice, our Courts will have 145 great new Judges, and 2 Supreme Court Justices, got rid of the disastrous Individual Mandate & will protect Pre-Existing...."
1203097476842053635,2019-12-07 07:42,other,"Congressman @LanceGooden has done a wonderful job for the people of Texas while supporting our #MAGA Agenda. He continues to protect your very important #2A. Lance is Strong on Crime and the Border, he Loves our Great Vets and Military. Lance has my Complete & Total Endorsement!"
1098218016255414272,2019-02-20 21:49,other,The New York Times reporting is false. They are a true ENEMY OF THE PEOPLE!
1157868518823596032,2019-08-04 12:19,other,"Today’s shooting in El Paso, Texas, was not only tragic, it was an act of cowardice. I know that I stand with everyone in this Country to condemn today’s hateful act. There are no reasons or excuses that will ever justify killing innocent people...."
1155073964634517505,2019-07-27 19:14,immigration,"Rep, Elijah Cummings has been a brutal bully, shouting and screaming at the great men & women of Border Patrol about conditions at the Southern Border, when actually his Baltimore district is FAR WORSE and more dangerous. His district is considered the Worst in the USA......"
1205320724799508480,2019-12-12 20:57,other,".....by Congress, by the Justice Department & FBI friends of the Democrats, who hated the president when he was nothing but a candidate. At some point somebody should have said, wait a minute, this is out of control, this train is off the tracks, it’s time to get reasonable.”"
1107385751577088000,2019-03-18 04:58,immigration,"Those Republican Senators who voted in favor of Strong Border Security (and the Wall) are being uniformly praised as they return to their States. They know there is a National Emergency at the Southern Border, and they had the courage to ACT. Great job!"
1129360082783875074,2019-05-17 20:16,other,"Will Jerry Nadler ever look into the fact that Crooked Hillary deleted and acid washed 33,000 emails AFTER getting a most powerful demand notice for them from Congress?"
1203783396972994566,2019-12-09 05:08,other,.....American people are supposed to believe that this simply isn’t a part of everthing they’ve been trying to do for the last three years? I think it is really a hard sell for Nancy Pelosi.” @DanHenninger  The Wall Street Journal
1091127643720859649,2019-02-01 08:14,immigration,"Our great U.S. Border Patrol Agents made the biggest Fentanyl bust in our Country’s history. Thanks, as always, for a job well done!"
1129102710580621312,2019-05-17 03:13,immigration,"We are here on this beautiful spring day to unveil our plan to create a fair, modern & LAWFUL system of immigration for the U.S. If adopted, our plan will transform America’s immigration system into the pride of our Nation and the envy of the modern world. https://t.co/YqyTYgTByD"
1086395559504764930,2019-01-19 06:51,immigration,"I will be making a major announcement concerning the Humanitarian Crisis on our Southern Border, and the Shutdown, tomorrow afternoon at 3 P.M., live from the @WhiteHouse."
1129519353672736770,2019-05-18 06:49,other,Consumer Sentiment in the month of May is the highest in 15 years. Very nice! @FoxNews
1145127125512536065,2019-06-30 08:29,other,"The leaders of virtually every country that I met at the G-20 congratulated me on our great economy. Many countries are having difficulties on that score. We have the best economy anywhere in the world, with GREAT & UNLIMITED potential looking into the future!"
1176346033678430210,2019-09-24 12:02,other,True. A wonderful meeting! https://t.co/W9ByXaS8Qf
1192307362331119617,2019-11-07 13:06,other,"Years ago, when Media was legitimate, people known as “Fact Checkers” would always call to check and see if a story was accurate. Nowadays they don’t use “Fact Checkers” anymore, they just write whatever they want!"
1101473899357880321,2019-03-01 21:26,other,"...and the fraudulent and dishonest statements he made on Wednesday. No way, it’s time to stop this corrupt and illegally brought Witch Hunt. Time to start looking at the other side where real crimes were committed. Republicans have been abused long enough. Must end now!"
1140791402323959809,2019-06-18 09:20,immigration,"....long before they get to our Southern Border. Guatemala is getting ready to sign a Safe-Third Agreement. The only ones who won’t do anything are the Democrats in Congress. They must vote to get rid of the loopholes, and fix asylum! If so, Border Crisis will end quickly!"
1153315875476463616,2019-07-22 22:48,immigration,"The “Squad” is a very Racist group of troublemakers who are young, inexperienced, and not very smart. They are pulling the once great Democrat Party far left, and were against humanitarian aid at the Border...And are now against ICE and Homeland Security. So bad for our Country!"
1114673372275728385,2019-04-07 07:36,immigration,"....In the meantime, the Democrats in Congress must help the Republicans (we need their votes) to end the horrible, costly and foolish loopholes in our Immigration Laws. Once that happens, all will be smooth. We can NEVER allow Open Borders!"
1210775808106586113,2019-12-28 12:13,other,Our great First Lady. She really cares! https://t.co/L4Q3P0MgHI
1148563040536866821,2019-07-09 20:02,immigration,"“I agree with the President, the Supreme Court got it wrong. There should be a question about Citizenship on the Census. A.G. Barr sees a pathway to add the Citizenship Question.”  Steve Doocy @foxandfriends  Working hard on something that should be so easy. People are fed up!"
1210565179949404160,2019-12-27 22:16,other,"Thank you Kristy, have a great year! https://t.co/IahxpXNZg7"
1192173803171983362,2019-11-07 04:15,other,"....Also talked about their Border with Syria, the eradication of terrorism, the ending of hostilities with the Kurds, and many other topics. Look forward to seeing President Erdogan next Wednesday, November 13th at the @WhiteHouse!"
1124446809802276865,2019-05-04 06:53,other,The International Association of Firefighters Union is rebelling on their very foolish leader. Perhaps they will vote him out of office. He doesn’t get it! https://t.co/NmaasMxOLE https://t.co/7tMG5NtvwO
1081563196249513985,2019-01-05 22:48,immigration,"I don’t care that most of the workers not getting paid are Democrats, I want to stop the Shutdown as soon as we are in agreement on Strong Border Security! I am in the White House ready to go, where are the Dems?"
1122485588580605953,2019-04-28 20:59,immigration,"Will be interviewed by @MariaBartiromo on @FoxNews at 10:00 AM. Talking about the Southern Border and how the Dems MUST act fast to change our pathetic immigration laws. Will be tough, watch!"
1137697505683091461,2019-06-09 20:26,immigration,".....Mexico was not being cooperative on the Border in things we had, or didn’t have, and now I have full confidence, especially after speaking to their President yesterday, that they will be very cooperative and want to get the job properly done. Importantly, some things....."
1197504134645211137,2019-11-21 07:16,other,“The new House Resolution gives Adam Schiff (the most dishonest man in politics) the power unilaterally to release edited transcripts. Rule 10 gives Chairman Schiff absolutely no jurisdiction. Subpoenas issued as part of Dems’ Impeachment inquiry are illegal.” Sam Dewey @ FoxNews
1141027595380826118,2019-06-19 00:59,other,"....I thank Pat for his outstanding service and will be naming Secretary of the Army, Mark Esper, to be the new Acting Secretary of Defense. I know Mark, and have no doubt he will do a fantastic job!"
1130433208250769410,2019-05-20 19:20,other,"....Now the new big story is that Trump made a lot of money and buys everything for cash, he doesn’t need banks. But where did he get all of that cash? Could it be Russia? No, I built a great business and don’t need banks, but if I did they would be there...and DeutscheBank......"
1095049346201079808,2019-02-11 13:58,other,40 years of corruption. 40 years of repression. 40 years of terror. The regime in Iran has produced only # 40YearsofFailure. The long-suffering Iranian people deserve a much brighter future.pic.twitter.com/bA8YGsw9LA
1184690356027297793,2019-10-16 23:39,immigration,"I am the only person who can fight for the safety of our troops & bring them home from the ridiculous & costly Endless Wars, and be scorned. Democrats always liked that position, until I took it. Democrats always liked Walls, until I built them. Do you see what’s happening here?"
1169945441233985536,2019-09-06 20:08,immigration,"....President Obama never had the legal right to sign DACA, and he indicated so at the time of signing. But In any event, how can he have the right to sign and I don’t have the right to “unsigned.” Totally illegal document which would actually give the President new powers."
1207047247734681601,2019-12-18 05:17,other,"Congressman @MarkwayneMullin is a big time #MAGA supporter! Markwayne has fought hard for Oklahoma Veterans and Military, he loves our Farmers and he’s Strong on Border Security. I give Markwayne my Complete and Total Endorsement!"
1177201488688537602,2019-09-26 20:41,other,"THE DEMOCRATS ARE TRYING TO DESTROY THE REPUBLICAN PARTY AND ALL THAT IT STANDS FOR. STICK TOGETHER, PLAY THEIR GAME, AND FIGHT HARD REPUBLICANS. OUR COUNTRY IS AT STAKE!"
1097856404629700609,2019-02-19 21:52,immigration,"As I predicted, 16 states, led mostly by Open Border Democrats and the Radical Left, have filed a lawsuit in, of course, the 9th Circuit! California, the state that has wasted billions of dollars on their out of control Fast Train, with no hope of completion, seems in charge!"
1146426004635828224,2019-07-03 22:30,other,"The cost of our great Salute to America tomorrow will be very little compared to what it is worth. We own the planes, we have the pilots, the airport is right next door (Andrews), all we need is the fuel. We own the tanks and all. Fireworks are donated by two of the greats. Nice!"
1182804700699086848,2019-10-12 07:46,immigration,"Kevin McAleenan has done an outstanding job as Acting Secretary of Homeland Security. We have worked well together with Border Crossings being way down. Kevin now, after many years in Government, wants to spend more time with his family and go to the private sector...."
1198746376420679680,2019-11-25 07:33,other,"....contracting procedures were not addressed to my satisfaction. Therefore, Secretary of the Navy Richard Spencer’s services have been terminated by Secretary of Defense Mark Esper. I thank Richard for his service & commitment. Eddie will retire peacefully with all of the....."
1169945440240001025,2019-09-06 07:08,immigration,....have the discretion to end the program that President Obama began in his discretion. That program was unlawful to begin with. I think it’s very unlikely that the SCOTUS is going to issue an order reinstating what it believes is an unlawful program. DACA Is unlawful.” .....
1173730406366973952,2019-09-17 06:48,other,On my way to New Mexico — see you all shortly at the @StarCenter! #KAG2020 https://t.co/a9V3ULY8bY https://t.co/zRQfrVUVtY
1121010431819173888,2019-04-24 19:18,immigration,"The American people deserve to know who is in this Country. Yesterday, the Supreme Court took up the Census Citizenship question, a really big deal. MAKE AMERICA GREAT AGAIN!"
1133139717069910017,2019-05-28 06:35,other,"Anyone associated with the 1994 Crime Bill will not have a chance of being elected. In particular, African Americans will not be able to vote for you. I, on the other hand, was responsible for Criminal Justice Reform, which had tremendous support, & helped fix the bad 1994 Bill!"
1106526246144487424,2019-03-15 20:03,other,The ‘Jexodus’ movement encourages Jewish people to leave the Democrat Party. Total disrespect! Republicans are waiting with open arms. Remember Jerusalem (U.S. Embassy) and the horrible Iran Nuclear Deal! @OANN  @foxandfriends
1161448234147045376,2019-08-14 09:23,other,"Great day in the incredible Commonwealth of Pennsylvania today, with the amazing energy workers, construction workers, and craft workers who make America run – and who make America PROUD. No one in the world does it better than YOU! https://t.co/jfWGYjzwkm"
1192467215360102401,2019-11-07 23:41,other,The Radical Left Dems and LameStream Media are just trying to make it hard for Republicans and me to win in 2020. The new Impeachment Hoax is already turning against them!
1080837263913832449,2019-01-03 22:44,immigration,"The Shutdown is only because of the 2020 Presidential Election. The Democrats know they can’t win based on all of the achievements of “Trump,” so they are going all out on the desperately needed Wall and Border Security - and Presidential Harassment. For them, strictly politics!"
1191087187443490818,2019-11-04 04:18,other,"I hope everyone in the Great State of Virginia will get out and VOTE on Tuesday in all of the local and state elections to send a signal to D.C. that you want lower taxes, a strong Military, Border & 2nd Amendment, great healthcare, and must take care of our Vets. VOTE REPUBLICAN"
1170897584510124032,2019-09-09 11:11,other,"When all of the people pushing so hard for Criminal Justice Reform were  unable to come even close to getting it done, they came to me as a group and asked for my help. I got it done with a group of Senators & others who would never have gone for it. Obama couldn’t come close...."
1158797735488888837,2019-08-07 01:51,other,"...in 2020.” Lou Dobbs stated that this is a fraud on the American public. @peterschweizer stated with certainty that they suppressed negative stories on Hillary Clinton, and boosted negative stories on Donald Trump. All very illegal. We are watching Google very closely!"
1169981017794535432,2019-09-06 09:29,other,"The Fake News Media was fixated on the fact that I properly said, at the beginnings of Hurricane Dorian, that in addition to Florida & other states, Alabama may also be grazed or hit. They went Crazy, hoping against hope that I made a mistake (which I didn’t). Check out maps....."
1177548941644238851,2019-09-27 19:42,other,"....sound horrible, an me sound guilty. HE WAS DESPERATE AND HE GOT CAUGHT. Adam Schiff therefore lied to Congress and attempted to defraud the American Public. He has been doing this for two years. I am calling for him to immediately resign from Congress based on this fraud!"
1143601087238172672,2019-06-26 03:25,other,"....Martha is strong on Crime and Borders, the 2nd Amendment, and loves our Military and Vets. She has my Complete and Total Endorsement!"
1084098258534891521,2019-01-12 22:42,immigration,"23% of Federal inmates are illegal immigrants. Border arrests are up 240%. In the Great State of Texas, between 2011 & 2018, there were a total of 292,000 crimes by illegal aliens, 539 murders, 32,000 assaults, 3,426 sexual assaults and 3000 weapons charges. Democrats come back!"
1079906462753869825,2019-01-01 09:05,immigration,...Remember this. Throughout the ages some things NEVER get better and NEVER change. You have Walls and you have Wheels. It was ALWAYS that way and it will ALWAYS be that way! Please explain to the Democrats that there can NEVER be a replacement for a good old fashioned WALL!
1179538517992595458,2019-10-03 07:27,other,"Mississippi, there is a VERY important election for Governor on November 5th. I need you to Get Out and Vote for our Great Republican nominee, @TateReeves. Tate is strong on Crime, tough on Illegal Immigration, and will protect your Second Amendment...."
1094667183953719296,2019-02-11 02:39,other,"....The fact is, when I took over as President, our Country was a mess. Depleted Military, Endless Wars, a potential War with North Korea, V.A., High Taxes & too many Regulations, Border, Immigration & HealthCare problems, & much more. I had no choice but to work very long hours!"
1089691985164800001,2019-01-28 09:09,immigration,"After all that I have done for the Military, our great Veterans, Judges (99), Justices (2), Tax & Regulation Cuts, the Economy, Energy, Trade & MUCH MORE, does anybody really think I won’t build the WALL? Done more in first two years than any President! MAKE AMERICA GREAT AGAIN!"
1169062379134574592,2019-09-04 09:39,other,"“To declassify is so important because if this were a Democrat President or a Democrat Candidate, that was spied on the way President Trump was spied on, this would be a scandal that would make Watergate look like nothing. Illegal spying....."
1144298731887628288,2019-06-27 12:37,immigration,"Seems totally ridiculous that our government, and indeed Country, cannot ask a basic question of Citizenship in a very expensive, detailed and important Census, in this case for 2020. I have asked the lawyers if they can delay the Census, no matter how long, until the....."
1144533973428842496,2019-06-28 17:12,other,"The Stock Market went up massively from the day after I won the Election, all the way up to the day that I took office, because of the enthusiasm for the fact that I was going to be President. That big Stock Market increase must be credited to me. If Hillary won - a Big Crash!"
1149107461539975168,2019-07-11 08:05,other,"Congratulations to @DrGregMurphy1 of North Carolina (#NC03) on his great primary victory for the United States Congress. Greg is tough on Crime, Borders, and loves our Second Amendment, our Military and our Vets. He has my Complete and Total Endorsement!"
1133117805002276864,2019-05-28 05:08,other,"Anyone associated with the 1994 Crime Bill will not have a chance of being elected. In particular, African Americans will not be ble to vote for you. I, on the other hand, was responsible for Criminal Justice Reform, which had tremendous support, and helped fix the bad 1994 Bill!"
1180624940212641793,2019-10-06 07:24,other,"Mitt, get off the stage, you’ve had your turn (twice)! https://t.co/zz6TA6XoGe"
1188917392761479168,2019-10-29 04:36,other,"So nice, thank you! https://t.co/UjgDeHSK7C"
1172134260418985984,2019-09-12 21:05,immigration,Some really big Court wins on the Border lately!
1150874781744607232,2019-07-16 05:08,other,"We will never be a Socialist or Communist Country. IF YOU ARE NOT HAPPY HERE, YOU CAN LEAVE! It is your choice, and your choice alone. This is about love for America. Certain people HATE our Country...."
1090963161942032385,2019-01-31 21:21,immigration,"Republicans on the Homeland Security Committee are wasting their time. Democrats, despite all of the evidence, proof and Caravans coming, are not going to give money to build the DESPERATELY needed WALL. I’ve got you covered. Wall is already being built, I don’t expect much help!"
1100048114382266374,2019-02-25 23:01,immigration,“Why on earth would any Republican vote not to put up a Wall or against Border Security. Please explain that to me?” @Varneyco
1081579754191552514,2019-01-05 23:54,immigration,"The Democrats want Billions of Dollars for Foreign Aid, but they don’t want to spend a small fraction of that number on properly securing our Border. Figure that one out!"
1175779048846319616,2019-09-22 22:29,other,"“They are trying to destroy and influence Justice Kavanaugh, a very good man.” @LindseyGrahamSC  100% correct, and they should be fully exposed for what they are!"
1121782348469522435,2019-04-26 22:25,other,"Just out: Real GDP for First Quarter grew 3.2% at an annual rate. This is far above expectations or projections. Importantly, inflation VERY LOW. MAKE AMERICA GREAT AGAIN!"
1122334000519868416,2019-04-28 10:57,other,"....Ever since Andrew came to my office to ask that I appoint him to the U.S. Supreme Court, and I said NO, he has been very hostile! Also asked for pardon for his friend. A good “pal” of low ratings Shepard Smith."
1185643744932106240,2019-10-20 03:47,other,"Crooked Hillary Clinton just called the respected environmentalist and Green Party candidate, Jill Stein, a “Russian Asset.” They need a Green Party more than ever after looking at the Democrats disastrous environmental program!"
1203809537653956611,2019-12-09 06:52,other,What he did is illegal. Schiff is a corrupt politician and a criminal! https://t.co/uLzJY5MjW3
1140119579118751744,2019-06-16 12:51,immigration,"Florida Governor Ron DeSantis just signed Bill banning Sanctuary Cities in State, & forcing all law enforcement agencies to cooperate with Federal Immigration authorities. Bill prohibits local Gov’t from enacting Sanctuary policies that protect undocumented immigrants...@FoxNews"
1204262826061303808,2019-12-10 12:53,other,A great choice. Bill is a winner! https://t.co/yxrB8aDIL9
1137040975258198017,2019-06-08 00:57,other,...and have no intention of doing anything other than going on a fishing expedition to see if they can find anything on me - both illegal & unprecedented in U.S. history. There was no Collusion - Investigate the Investigators! Go to work on Drug Price Reductions & Infrastructure!
1141481280653209600,2019-06-20 07:01,other,Congratulations to President Lopez Obrador — Mexico voted to ratify the USMCA today by a huge margin. Time for Congress to do the same here!
1087693453394432001,2019-01-22 20:48,immigration,"Without a Wall our Country can never have Border or National Security. With a powerful Wall or Steel Barrier, Crime Rates (and Drugs) will go substantially down all over the U.S. The Dems know this but want to play political games. Must finally be done correctly. No Cave!"
1089162706840707072,2019-01-26 22:06,immigration,"We have turned away, at great expense, two major Caravans, but a big one has now formed and is coming. At least 8000 people! If we had a powerful Wall, they wouldn’t even try to make the long and dangerous journey. Build the Wall and Crime will Fall!"
1115053022974029824,2019-04-08 08:45,immigration,More apprehensions (captures) at the Southern Border than in many years. Border Patrol amazing! Country is FULL! System has been broken for many years. Democrats in Congress must agree to fix loopholes - No Open Borders (Crimes & Drugs). Will Close Southern Border If necessary...
1181991604493656064,2019-10-10 01:55,other,"So pathetic to see Sleepy Joe Biden, who with his son, Hunter, and to the detriment of the American Taxpayer, has ripped off at least two countries for millions of dollars, calling for my impeachment - and I did nothing wrong. Joe’s Failing Campaign gave him no other choice!"
1181640571334647814,2019-10-09 02:40,other,"....In fact, the “Cops For Trump” T-shirt Web Site CRASHED because of incredible volume, but is now back up and running. Proceeds go to the Police Union Charities. See you on Thursday night in Minneapolis!"
1094618230793097216,2019-02-10 23:24,immigration,Gallup Poll: “Open Borders will potentially attract 42 million Latin Americans.” This would be a disaster for the U.S. We need the Wall now!
1142567481124503552,2019-06-23 06:58,other,"I never called the strike against Iran “BACK,” as people are incorrectly reporting, I just stopped it from going forward at this time!"
1164914962529247232,2019-08-23 09:59,other,"....your companies HOME and making your products in the USA. I will be responding to China’s Tariffs this afternoon. This is a GREAT opportunity for the United States. Also, I am ordering all carriers, including Fed Ex, Amazon, UPS and the Post Office, to SEARCH FOR & REFUSE,...."
1135331156239560709,2019-06-03 07:43,other,"Democrats can’t impeach a Republican President for crimes committed by Democrats. The facts are “pouring” in. The Greatest Witch Hunt in American History! Congress, go back to work and help us at the Border, with Drug Prices and on Infrastructure."
1182281836363485185,2019-10-10 21:08,other,"...Court Justice & I turned him down (he’s been terrible ever since), Shep Smith, @donnabrazile (who gave Crooked Hillary the debate questions & got fired from @CNN), & others, @FoxNews doesn’t deliver for US anymore. It is so different than it used to be. Oh well, I’m President!"
1148270600407924736,2019-07-09 00:40,other,"Brilliant Constitutional Lawyer, Dr. John Eastman, said the Special Prosecutor (Mueller) should have NEVER been appointed in the first place. The entire exercise was fundamentally illegal. The Witch Hunt should never happen to another President of the U.S. again. A TOTAL SCAM! https://t.co/5sRAMhHAR8"
1179697599143653377,2019-10-03 18:00,other,"The U.S. won a $7.5 Billion award from the World Trade Organization against the European Union, who has for many years treated the USA very badly on Trade due to Tariffs, Trade Barriers, and more. This case going on for years, a nice victory!"
1152899604473667585,2019-07-21 19:14,immigration,"Big progress at the Border, but Dems in Congress must change the Immigration Laws for all to be good! End the Loopholes and much more."
1198370028153950209,2019-11-24 06:37,other,Thank you Kevin for the nice words! https://t.co/DfY1V38EhD
1171925716503584773,2019-09-12 07:17,other,"At the request of the Vice Premier of China, Liu He, and due to the fact that the People's Republic of China will be celebrating their 70th Anniversary...."
1131158413373779968,2019-05-22 19:22,immigration,"Much of the Wall being built at the Southern Border is a complete demolition and rebuilding of old and worthless barriers with a brand new Wall and footings. Problem is, the Haters say that is not a new Wall, but rather a renovation. Wrong, and we must build where most needed...."
1083554782923632640,2019-01-11 10:42,immigration,"We lose 300 Americans a week, 90% of which comes through the Southern Border. These numbers will be DRASTICALLY REDUCED if we have a Wall!"
1165066714700230656,2019-08-24 09:02,other,Highest Condolences! Thank you V.P. https://t.co/abydDSlDBw
1141164726593998850,2019-06-19 10:04,immigration,"In the ultimate act of moral cowardice, not one Democrat Candidate for president - not a single one - has stood up to defend the incredible men and women of ICE and Border Patrol. They don’t have the character, the virtue, or the spine! #Trump2020 https://t.co/oULNnVtxmW"
1181578987191095298,2019-10-08 22:35,other,"Get your great T-Shirts, “Cops for Trump,” at https://t.co/pmhDDXsIlx  REALLY NICE! Thank you to Minneapolis Police Officers & Union! @foxandfriends"
1137363899420950530,2019-06-08 22:20,immigration,"I would like to thank the President of Mexico, Andres Manuel Lopez Obrador, and his foreign minister, Marcelo Ebrard, together with all of the many representatives of both the United States and Mexico, for working so long and hard to get our agreement on immigration completed!"
1146435093491277824,2019-07-03 23:06,immigration,"The News Reports about the Department of Commerce dropping its quest to put the Citizenship Question on the Census is incorrect or, to state it differently, FAKE! We are absolutely moving forward, as we must, because of the importance of the answer to this question."
1164231651351617536,2019-08-22 01:43,other,".@NATO, very unfair to the United States! https://t.co/YIgmTkpScU"
1132374746912493569,2019-05-26 03:55,other,"Thank you John, so nice! https://t.co/cfcXpzjYn7"
1089691564283183105,2019-01-28 09:08,immigration,"Never thought I’d say this but I think @johnrobertsFox and @GillianHTurner @FoxNews have even less understanding of the Wall negotiations than the folks at FAKE NEWS CNN & NBC! Look to final results! Don’t know how my poll numbers are so good, especially up 19% with Hispanics?"
1104505623293710337,2019-03-10 06:13,immigration,"....and renovated, with MUCH MORE to follow shortly. Tens of thousands of illegals are being apprehended (captured) at the Border and NOT allowed into our Country. With another President, millions would be pouring in. I am stopping an invasion as the Wall gets built. #MAGA"
1208022961594290176,2019-12-20 21:54,other,"I will be signing our 738 Billion Dollar Defense Spending Bill today. It will include 12 weeks  Paid Parental Leave, gives our troops a raise, importantly creates the SPACE FORCE, SOUTHERN BORDER WALL FUNDING, repeals “Cadillac Tax” on Health Plans, raises smocking age to 21! BIG"
1090954907593646081,2019-01-31 20:48,other,"....meeting with their top leaders and representatives today in the Oval Office. No final deal will be made until my friend President Xi, and I, meet in the near future to discuss and agree on some of the long standing and more difficult points. Very comprehensive transaction...."
1100017237228949506,2019-02-25 20:58,immigration,"I hope our great Republican Senators don’t get led down the path of weak and ineffective Border Security. Without strong Borders, we don’t have a Country - and the voters are on board with us. Be strong and smart, don’t fall into the Democrats “trap” of Open Borders and Crime!"
1117821219875594240,2019-04-16 00:05,immigration,"Those Illegal Immigrants who can no longer be legally held (Congress must fix the laws and loopholes) will be, subject to Homeland Security, given to Sanctuary Cities and States!"
1174110438952296449,2019-09-18 07:58,other,"The New York Times is now blaming an editor for the horrible mistake they made in trying to destroy or influence Justice Brett Kavanaugh. It wasn’t the editor, the Times knew everything. They are sick and desperate, losing in so many ways!"
1122270956192272385,2019-04-28 06:47,other,"Sincerest THANK YOU to our great Border Patrol Agent who stopped the shooter at the Synagogue in Poway, California. He may have been off duty but his talents for Law Enforcement weren’t!"
1152180262849175553,2019-07-19 19:35,other,"Great new book, “Justice On Trial, The Kavanaugh Confirmation and the Future of the Supreme Court.” Fantastic job by Mollie Hemingway and Carrie Severino!"
1134522066508685314,2019-06-01 02:08,other,"Saddened to hear about the loss of John Pinto, a Navajo Code Talker in World War II, over the Memorial Day Weekend. The Code Talkers are true American HEROES and John never stopped serving his fellow citizens as a longtime New Mexico State Senator. John, Rest In Peace!"
1114151754722156544,2019-04-05 21:04,immigration,"The Crazed and Dishonest Washington Post again purposely got it wrong. Mexico, for the first time in decades, is meaningfully apprehending illegals at THEIR Southern Border, before the long march up to the U.S. This is great and the way it should be. The big flow will stop......."
1134448050464800769,2019-05-31 21:14,immigration,"Hard to believe that with the Crisis on the Border, the Dems won’t do the quick and easy fix. Would solve the problem but they want Open Borders, which equals crime!"
1150152762044440576,2019-07-14 05:19,other,"....Paul Ryan almost killed the Republican Party. Weak, ineffective & stupid are not exactly the qualities that Republicans, or the CITIZENS of our Country, were looking for. Right now our spirit is at an all time high, far better than the Radical Left Dems. You’ll see next year!"
1084649448003784704,2019-01-14 11:12,immigration,"The Trump portrait of an unsustainable Border Crisis is dead on. “In the last two years, ICE officers made 266,000 arrests of aliens with Criminal Records, including those charged or convicted of 100,000 assaults, 30,000 sex crimes & 4000 violent killings.” America’s Southern...."
1175492022662287361,2019-09-22 03:28,other,"Some of the best Economic Numbers our Country has ever experienced are happening right now. This is despite a Crooked and Demented Deep State, and a probably illegal Democrat/Fake News Media Partnership the likes of which the world has never seen. MAKE AMERICA GREAT AGAIN!"
1184815052546809862,2019-10-17 20:54,other,"My warmest condolences to the family and many friends of Congressman Elijah Cummings. I got to see first hand the strength, passion and wisdom of this highly respected political leader. His work and voice on so many fronts will be very hard, if not impossible, to replace!"
1116451747558502413,2019-04-12 05:23,other,Beautiful afternoon in the Oval Office today with a few great American HEROES! https://t.co/HYEI83NVrm
1146236790182993920,2019-07-03 09:58,other,"More great information from the @NatlParkService for Thursday’s Fourth of July Celebration here in Washington, D.C. #SaluteToAmerica🇺🇸 https://t.co/AiZKkvBsh7"
1089264874671271937,2019-01-27 04:52,immigration,"Only fools, or people with a political agenda, don’t want a Wall or Steel Barrier to protect our Country from Crime, Drugs and Human Trafficking. It will happen - it always does!"
1122837541084958725,2019-04-29 20:18,other,"The NRA is under siege by Cuomo and the New York State A.G., who are illegally using the State’s legal apparatus to take down and destroy this very important organization, & others. It must get its act together quickly, stop the internal fighting, & get back to GREATNESS - FAST!"
1186035686396321793,2019-10-21 05:45,other,"....fiction to Congress and the American People?  I demand his deposition. He is a fraud, just like the Russia Hoax was, and the Ukraine Hoax is now. When do the Do Nothing Democrats pay a price for what they are doing to our Country, & when do the Republicans finally fight back?"
1207047981037477890,2019-12-18 05:20,other,".@Buddy_Carter is a BUSINESSMAN first. He takes care of our Vets and Troops and is leading the fight to SLASH drug prices! Buddy's 100% pro-Wall & 100% pro-jobs. He will KEEP AMERICA GREAT and has my total, Strong Endorsement!"
1080457560291987457,2019-01-02 21:35,immigration,Mexico is paying for the Wall through the new USMCA Trade Deal. Much of the Wall has already been fully renovated or built. We have done a lot of work. $5.6 Billion Dollars that House has approved is very little in comparison to the benefits of National Security. Quick payback!
1081658090792148993,2019-01-06 05:05,immigration,"V.P. Mike Pence and team just left the White House. Briefed me on their meeting with the Schumer/Pelosi representatives. Not much headway made today. Second meeting set for tomorrow. After so many decades, must finally and permanently fix the problems on the Southern Border!"
1166494466619904000,2019-08-28 07:35,other,"....Another is a one-time BAD Congressman from Illinois who lost in his second term by a landslide, then failed in radio. The third is a man who couldn’t stand up straight while receiving an award. I should be able to take them!"
1165764325908180992,2019-08-26 07:14,other,"No, we actually had a very good and productive meeting. Nice! https://t.co/aXeUWcPTc1"
1104890307706060802,2019-03-11 07:42,other,"“There’s not one shred of evidence that President Trump has done anything wrong.” @GrahamLedger One America News.  So true, a total Witch Hunt - All started illegally by Crooked Hillary Clinton, the DNC and others!"
1147260649275310080,2019-07-06 05:47,other,Happy Birthday to our great United States @SecretService! https://t.co/RMgiPGnudZ
1088958154791100417,2019-01-26 08:33,immigration,"I wish people would read or listen to my words on the Border Wall. This was in no way a concession. It was taking care of millions of people who were getting badly hurt by the Shutdown with the understanding that in 21 days, if no deal is done, it’s off to the races!"
1135150118120939521,2019-06-02 19:44,immigration,"....Coyotes and Illegal Immigrants, which they can do very easily, or our many companies and jobs that have been foolishly allowed to move South of the Border, will be brought back into the United States through taxation (Tariffs). America has had enough!"
1117242926654947328,2019-04-14 09:47,immigration,"Just out: The USA has the absolute legal right to have apprehended illegal immigrants transferred to Sanctuary Cities. We hereby demand that they be taken care of at the highest level, especially by the State of California, which is well known or its poor management & high taxes!"
1199295050389307392,2019-11-26 19:53,immigration,"When the Military rips down an old & badly broken Border Wall in an important location, & replaces it with a brand new 30 ft. high Steel & Concrete Wall, Nancy Pelosi says we are not building a Wall. Wrong, and it is going up fast. Brandon Judd just gave us great marks! @FoxNews"
1098587583469228037,2019-02-21 22:17,immigration,THE WALL IS UNDER CONSTRUCTION RIGHT NOW! https://t.co/exUJCiITsz
1198276426975399937,2019-11-24 00:25,other,"Joe Concha, The Hill: “In Emerson College Poll, Impeachment among independents, 49% Oppose, 34% Support. You see why Pelosi is reluctant to go in with this. Dems have to go home and explain why they haven’t done something on Opioid crisis, drug prices, USMCA, the Border, etc."
1182654371714211840,2019-10-11 21:49,other,"Good things are happening at China Trade Talk Meeting. Warmer feelings than in recent past, more like the Old Days. I will be meeting with the Vice Premier today. All would like to see something significant happen!"
1100002139282309121,2019-02-25 19:58,other,"Oil prices getting too high. OPEC, please relax and take it easy. World cannot take a price hike - fragile!"
1118282780633382912,2019-04-17 06:39,other,Just signed a critical bill to formalize drought contingency plans for the Colorado River. Thanks to @SenMcSallyAZ for getting it done. Big deal for Arizona!
1171452881729228802,2019-09-10 23:58,other,"....I asked John for his resignation, which was given to me this morning. I thank John very much for his service. I will be naming a new National Security Advisor next week."
1188067368620167168,2019-10-26 20:18,other,"Badly failing presidential candidate @KamalaHarris will not go to a very wonderful largely African American event today because yesterday I recieved a major award, at the same event, for being able to produce & sign into law major Criminal Justice Reform legislation, which will.."
1147479750379745282,2019-07-06 20:17,immigration,"Democrats must change the Loophole & Asylum Laws - but they probably won’t! They want Open Borders, which means massive crime and drugs! https://t.co/IWxH16arMW"
1082347305699889157,2019-01-08 02:44,immigration,I am pleased to inform you that I will Address the Nation on the Humanitarian and National Security crisis on our Southern Border. Tuesday night at 9:00 P.M. Eastern.
1181640563696820224,2019-10-09 02:40,other,"Radical Left Dem Mayor of Minneapolis, Jacob Frey, is doing everything possible to stifle Free Speech despite a record sell-out crowd at the Target Center. Presidents Clinton and Obama paid almost nothing! The Minneapolis Police have been incredible...."
1179869164632043520,2019-10-04 05:21,other,"“It was just a congenial phone call, but its become so big. I’ve never seen the Media work so hard with so little.” @greggutfeld @FoxNews  Witch Hunt!"
1084788012725166080,2019-01-14 20:23,immigration,I’ve been waiting all weekend. Democrats must get to work now. Border must be secured!
1124459967682158592,2019-05-04 07:45,other,"As the great people of IA, IL, & MO continue to confront the devastating flooding, know we are here for you and ready to help! My team remains in close contact with @IAGovernor, @GovParsonMO, @GovPritzker, and the local officials managing the impacts of the destructive flooding."
1098191360987930624,2019-02-20 20:03,other,“Andrew McCabe gave absolutely no evidence of any threat to substantiate his ABSURD claim.” @LouDobbs
1203791855684599813,2019-12-09 05:41,other,"“This would be the first Impeachment in American history without a specific criminal statute or crime that the president whose impeached would have allegedly committed.” Paul Gigot, The Wall Street Journal"
1081891545245278208,2019-01-06 20:33,immigration,"....The only reason they do not want to build a Wall is that Walls Work! 99% of our illegal Border crossings will end, crime in our Country will go way down and we will save billions of dollars a year! A properly planned and constructed Wall will pay for itself many times a year!"
1158330513951735809,2019-08-05 18:54,immigration,"....this legislation with desperately needed immigration reform. We must have something good, if not GREAT, come out of these two tragic events!"
1131136429545934850,2019-05-22 17:55,other,"Everything the Democrats are asking me for is based on an illegally started investigation that failed for them, especially when the Mueller Report came back with a NO COLLUSION finding. Now they say Impeach President Trump, even though he did nothin wrong, while they “fish!”"
1197144925034418176,2019-11-20 21:29,other,"Nancy Pelosi will go down as the least productive Speaker of the House in history. She is dominated by AOC Plus 3 and the Radical Left. Mexico and Canada, after waiting for 6 months to be approved, are ready to flee - and who can blame them? Too bad!"
1157393367619104768,2019-08-03 04:50,other,"Nice to see that one of my best pupils is still a giant Trump fan. Steve joined me after I won the primaries, but I loved working with him! https://t.co/jRpmdrGYTB"
1149693842263642113,2019-07-12 22:55,other,"....Alex was a great Secretary of Labor and his service is truly appreciated. He will be replaced on an acting basis by Pat Pizzella, the current Deputy Secretary."
1149779387077791749,2019-07-13 04:35,other,"Tennessee loving Bill Hagerty, who was my Tennessee Victoy Chair and is now the very outstanding Ambassador to Japan, will be running for the U.S. Senate. He is strong on crime, borders & our 2nd A. Loves our Military & our Vets. Has my Complete & Total Endorsement!"
1080177487517233157,2019-01-02 03:02,immigration,Border Security and the Wall “thing” and Shutdown is not where Nancy Pelosi wanted to start her tenure as Speaker! Let’s make a deal?
1174303423237222400,2019-09-18 20:45,other,"So nice that our Country is now Energy Independent. The USA is in better shape than ever before. Strongest Military by far, biggest Economy (no longer even close), number one in Energy! MAGA = KAG!"
1194415355592093698,2019-11-13 08:43,immigration,"DACA recipients with arrest records: 53,792! That is a very large proportion of the total. @LouDobbs  Not good, but we will be able to make a deal with the Dems!"
1103416016082739201,2019-03-07 06:04,other,American Workforce Policy Advisory Board Meeting at the @WhiteHouse! https://t.co/izb2tTrINB
1083493944527249408,2019-01-11 06:41,immigration,From the Southern Border.... https://t.co/Vgsf5nEZUH
1090986128805687296,2019-01-31 22:52,immigration,"More troops being sent to the Southern Border to stop the attempted Invasion of Illegals, through large Caravans, into our Country. We have stopped the previous Caravans, and we will stop these also. With a Wall it would be soooo much easier and less expensive. Being Built!"
1129954115205914625,2019-05-19 11:37,other,"....Federal Judges (many more to come), two great new Supreme Court Justices, the Mexico City Policy, and a whole new & positive attitude about the Right to Life. The Radical Left, with late term abortion (and worse), is imploding on this issue. We must stick together and Win...."
1083783112973320192,2019-01-12 01:50,immigration,"The Fake News Media keeps saying we haven’t built any NEW WALL. Below is a section just completed on the Border. Anti-climbing feature included. Very high, strong and beautiful! Also, many miles already renovated and in service! https://t.co/UAAGXl5Byr"
1188187870877618176,2019-10-27 04:17,immigration,"LOUISIANA! Extreme Democrat John Bel Edwards has sided with Nancy Pelosi and Chuck Schumer to support Sanctuary Cities, High Taxes, and Open Borders. He is crushing Louisiana’s economy and your Second Amendment rights...."
1144370485783867392,2019-06-28 06:22,immigration,Bipartisan Humanitarian Aid Bill for the Southern Border just passed. A great job done by all! Now we must work to get rid of the Loopholes and fix Asylum. Thank you also to Mexico for the work being done on helping with Illegal Immigration - a very big difference!
1132369575033606149,2019-05-26 03:35,immigration,"Another activist Obama appointed judge has just ruled against us on a section of the Southern Wall that is already under construction. This is a ruling against Border Security and in favor of crime, drugs and human trafficking. We are asking for an expedited appeal!"
1080616636363743234,2019-01-03 08:07,immigration,Important meeting today on Border Security with Republican and Democrat Leaders in Congress. Both parties must work together to pass a Funding Bill that protects this Nation and its people – this is the first and most important duty of government...
1097280840156020736,2019-02-18 07:45,other,"The Mueller investigation is totally conflicted, illegal and rigged! Should never have been allowed to begin, except for the Collusion and many crimes committed by the Democrats. Witch Hunt!"
1155822023245012992,2019-07-29 20:46,other,"....even to new heights of success and glory, but not with King Elijah and that crew. When the leaders of Baltimore want to see the City rise again, I am in a very beautiful oval shaped office waiting for your call!"
1186982948404449280,2019-10-23 07:29,other,....Order a couple of months ago saying that any school that does not uphold the First Amendment Rights of its students will lose Federal Funding. We have seen a huge change in how the Universities interact with us as a national & local student organization. Our studends....
1181542327711600642,2019-10-08 20:10,other,"The lightweight mayor is hurting the great police and other wonderful supporters. 72,000 ticket requests already. Dump Frey and Omar! Make America Great Again! https://t.co/ibTqvSbsbn"
1173719709344096257,2019-09-17 06:06,other,One my way to New Mexico — see you all shortly at the @StarCenter! #KAG2020 https://t.co/cW7EK6V229
1143991802405376000,2019-06-27 05:17,other,"“I have been in office for many years, the Military is very important to me, and at no time in my professional life has the U.S. Military been as strong as it is right now.” Thank you @LindseyGrahamSC"
1177357479954526208,2019-09-27 07:01,immigration,No one has done more behind the scenes for STRONG BORDER SECURITY than @SenCapito. Her bill passed Committee today with $5B for the BORDER WALL. West Virginia is a great State and Shelley gets it done. Keep it up!
1151147417028497414,2019-07-16 23:11,other,"Kevin McCarthy @GOPLeader, “The President’s Tweets were not Racist. The controversy over the tweets is ALL POLITICS. I will vote against this resolution.”  Thank you Kevin!"
1084094708144619525,2019-01-12 22:28,immigration,"Democrats should come back to Washington and work to end the Shutdown, while at the same time ending the horrible humanitarian crisis at our Southern Border. I am in the White House waiting for you!"
1103666338365607936,2019-03-07 22:38,immigration,We are on track to APPREHEND more than one million people coming across the Southern Border this year. Great job by Border Patrol (and others) who are working in a Broken System. Can be fixed by Congress so easily and quickly if only the Democrats would get on board!
1202981139155210241,2019-12-07 00:00,immigration,"Without the horror show that is the Radical Left, Do Nothing Democrats, the Stock Markets and Economy would be even better, if that is possible, and the Border would be closed to the evil of Drugs, Gangs and all other problems! #2020"
1166769660450226177,2019-08-29 01:48,immigration,"The Wall is going up very fast despite total Obstruction by Democrats in Congress, and elsewhere! https://t.co/12tIW3aNQP https://t.co/2nFIEFppho"
1125190521918513153,2019-05-06 08:08,immigration,"Pending the confirmation of Mark Morgan as our Nation’s new ICE Director, Matt Albence will serve in the role of Acting Director. Matt is tough and dedicated and has my full support to deploy ICE to the maximum extent of the law! #MAGA"
1151865848950329346,2019-07-18 22:46,immigration,"Most of the MS-13 Gang members indictedand & arrested in L.A. were illegal aliens, 19 of 22. They are said to have killed many people in the most brutal fashion. They should never have been allowed in our Country for so long, 10 years. We have arrested and deported thousands....."
1121095181690974208,2019-04-25 00:54,other,"Rep. Alexandria Ocasio-Cortez is correct, the VA is not broken, it is doing great. But that is only because of the Trump Administration. We got Veterans Choice & Accountability passed. “President Trump deserves a lot of credit.” Dan Caldwell, Concerned Veterans of America"
1087472133230551040,2019-01-22 06:08,immigration,"If Nancy Pelosi thinks that Walls are “immoral,” why isn’t she requesting that we take down all of the existing Walls between the U.S. and Mexico, even the new ones just built in San Diego at their very strong urging. Let millions of unchecked “strangers” just flow into the U.S."
1158350120649408513,2019-08-05 20:12,other,China dropped the price of their currency to an almost a historic low. It’s called “currency manipulation.” Are you listening Federal Reserve? This is a major violation which will greatly weaken China over time!
1187116372997922821,2019-10-24 05:19,other,"PROMISES MADE, PROMISES KEPT! #SHALEINSIGHT2019 https://t.co/kCkw3K8k5o"
1167893379461443585,2019-09-01 04:14,other,"“The vindication belongs to the President for firing James Comey. It was clearly the right thing to do. You don’t want an FBI Director with Jim Comey’s ethics.” Jason Riley, Wall Street Journal"
1135249668751929345,2019-06-03 02:19,immigration,"Mexico is sending a big delegation to talk about the Border. Problem is, they’ve been “talking” for 25 years. We want action, not talk. They could solve the Border Crisis in one day if they so desired. Otherwise, our companies and jobs are coming back to the USA!"
1169945439434674176,2019-09-06 07:08,immigration,"The Immigration Law Institute’s Christopher Hajec says, “The Supreme Court has to look st whether DACA is lawful. What they are looking at now is whether Trump’s recision of DACA is lawful. Must consider lawfulness of DACA itself. Looks very odd that President Trump doesn’t....."
1144740178948493314,2019-06-29 06:51,other,"After some very important meetings, including my meeting with President Xi of China, I will be leaving Japan for South Korea (with President Moon). While there, if Chairman Kim of North Korea sees this, I would meet him at the Border/DMZ just to shake his hand and say Hello(?)!"
1179932948138725377,2019-10-03 20:35,other,"We are simultaneously fighting the Fake News Media and their partner, the Democrat Party. Always tough to beat the “Press,” but people are beginning to see how totally CORRUPT they are, and it makes our job a whole lot easier!"
1140791400658870274,2019-06-18 09:20,immigration,"Next week ICE will begin the process of removing the millions of illegal aliens who have illicitly found their way into the United States. They will be removed as fast as they come in. Mexico, using their strong immigration laws, is doing a very good job of stopping people......."
1097350271188062208,2019-02-18 12:21,other,"William Barr is arriving at a Justice Department that desperately needs an infusion of credibility, writes @KimStrassel https://t.co/naY9XOxb12 via @WSJ"
1180241114403610626,2019-10-05 05:59,other,"At the request of @SenThomTillis, I have declared a major disaster for the Great State of North Carolina to help with damages from Hurricane Dorian. Assistance now unlocked to recover stronger than ever! Thom loves N.C,. and so do I!"
1143529903238893568,2019-06-25 22:42,other,"Iran leadership doesn’t understand the words “nice” or “compassion,” they never have. Sadly, the thing they do understand is Strength and Power, and the USA is by far the most powerful Military Force in the world, with 1.5 Trillion Dollars invested over the last two years alone.."
1081733714437201922,2019-01-06 10:06,immigration,Will be going to Camp David tomorrow morning for meetings on Border Security and many other topics with @WhiteHouse senior staff.
1097469642048716801,2019-02-18 20:15,other,"Wow, so many lies by now disgraced acting FBI Director Andrew McCabe. He was fired for lying, and now his story gets even more deranged. He and Rod Rosenstein, who was hired by Jeff Sessions (another beauty), look like they were planning a very illegal act, and got caught....."
1095699493440446464,2019-02-13 23:01,other,"The Gallup Poll just announced that 69% of our great citizens expect their finances to improve next year, a 16 year high. Nice!"
1162000480681287683,2019-08-15 21:57,other,"It would show great weakness if Israel allowed Rep. Omar and Rep.Tlaib to visit. They hate Israel & all Jewish people, & there is nothing that can be said or done to change their minds. Minnesota and Michigan will have a hard time putting them back in office. They are a disgrace!"
1190247105841057805,2019-11-01 20:39,other,Chicago will never stop its crime wave with the current Superintendent of Police. It just won’t happen! Thank you to Kevin Graham and all of the GREAT Chicago Police Officers I just had the privilege to meet. Tremendous crime fighting potential if allowed to do your thing!
1091173536163602432,2019-02-01 11:16,other,"Nellie Ohr, the wife of DOJ official Bruce Ohr, was long ago investigating for pay (GPS Fusion) members of my family, feeding it to her husband who was then giving it to the FBI, even though it was created by ousted & discredited Christopher Steele. Illegal! WITCH HUNT"
1196577458583195651,2019-11-19 07:54,other,Mark Levin speaking one week after I took office. This was always a planned COUP and the Radical Left Democrats will suffer at the polls in 2020! https://t.co/XHd5grQUaM
1084938160516169729,2019-01-15 06:19,other,"For decades, politicians promised to secure the border, fix our trade deals, bring back our factories, get tough on China, move the Embassy to Jerusalem, make NATO pay their fair share, and so much else - only to do NOTHING (or worse)...."
1083358150214979585,2019-01-10 21:41,immigration,“Great support for Border Security and the Wall.” @foxandfriends  Even greater than anyone would know! “Presidents supporters do not want him to cave.” @SteveDoocy I won’t!
1119211274712375297,2019-04-19 20:08,other,"...agreed to testify, it was not necessary for me to respond to statements made in the “Report” about me, some of which are total bullshit & only given to make the other person look good (or me to look bad). This was an Illegally Started Hoax that never should have happened, a..."
1099513093653258245,2019-02-24 11:35,other,So great being with you both in the Oval Office! https://t.co/9VoIV3NahE
1183819526753980416,2019-10-15 02:59,other,"Great new book, 'Resistance (At All Costs): How Trump Haters Are Breaking America' out by Kimberley Strassel of the Wall Street Journal. Kim has treated us fairly, and for that I am very appreciative. Check it out today, it is great!"
1119746080684507136,2019-04-21 07:34,other,Good night of television! 8:00 PM @WattersWorld  9:00 PM @JudgeJeanine with interview of @RudyGiuliani followed by Greg G. Honest commentary is always nice!
1104017664131907584,2019-03-08 21:54,immigration,We are apprehending record numbers of illegal immigrants - but we need the Wall to help our great Border Patrol Agents!
1109134531771150336,2019-03-23 00:47,other,"It is my pleasure to announce that @StephenMoore, a very respected Economist, will be nominated to serve on the Fed Board. I have known Steve for a long time – and have no doubt he will be an outstanding choice!"
1132459370816708608,2019-05-26 09:32,other,"North Korea fired off some small weapons, which disturbed some of my people, and others, but not me. I have confidence that Chairman Kim will keep his promise to me, & also smiled when he called Swampman Joe Biden a low IQ individual, & worse. Perhaps that’s sending me a signal?"
1137153601107894277,2019-06-08 08:25,immigration,"....stem the tide of Migration through Mexico, and to our Southern Border. This is being done to greatly reduce, or eliminate, Illegal Immigration coming from Mexico and into the United States. Details of the agreement will be released shortly be the State Department. Thank you!"
1174504680400908289,2019-09-19 10:05,immigration,GREAT progress on the Border Wall! https://t.co/TvOYxgsBSv
1115011885303312386,2019-04-08 06:02,other,"....I am pleased to announce that Kevin McAleenan, the current U.S. Customs and Border Protection Commissioner, will become Acting Secretary for @DHSgov. I have confidence that Kevin will do a great job!"
1158797732821291018,2019-08-07 01:51,other,".@sundarpichai of Google was in the Oval Office working very hard to explain how much he liked me, what a great job the Administration is doing, that Google was not involved with China’s military, that they didn’t help Crooked Hillary over me in the 2016 Election, & that they..."
1206812317809143808,2019-12-17 13:44,other,Congressman Jeff Van Drew is very popular in our great and very united Republican Party. It was a tribute to him that he was able to win his heavily Republican district as a Democrat. People like that are not easily replaceable!
1080616637932421121,2019-01-03 08:07,immigration,"...I remain ready and willing to work with Democrats to pass a bill that secures our borders, supports the agents and officers on the ground, and keeps America Safe. Let’s get it done!"
1188190202004754432,2019-10-27 04:26,other,"Governor @MattBevin has done a wonderful job for the people of Kentucky! He continues to protect your very important Second Amendment. Matt is Strong on Crime and the Border, he Loves our Great Vets and Military...."
1137568535977385994,2019-06-09 11:54,other,"Little @DonnyDeutsch, whose show, like his previous shoebiz tries, is a disaster, has been saying that I had been a friend of his. This is false. He, & separately @ErinBurnett, used to BEG me to be on episodes of the Apprentice (both were bad), but that was it. Hardly knew him,.."
1181422346697138176,2019-10-08 12:13,other,Adam should be Impeached! https://t.co/q7YRUWsJxy
1102934716607578112,2019-03-05 08:11,other,"The greatest overreach in the history of our Country. The Dems are obstructing justice and will not get anything done. A big, fat, fishing expedition desperately in search of a crime, when in fact the real crime is what the Dems are doing, and have done!"
1149886161432797184,2019-07-13 11:39,other,Just returned to the beautiful @WhiteHouse after a great day in Wisconsin and Ohio! https://t.co/WVp3KeKg8h
1161985864412667905,2019-08-15 20:59,other,"The Philadelphia shooter should never have been allowed to be on the streets. He had a long and very dangerous criminal record. Looked like he was having a good time after his capture, and after wounding so many police. Long sentence - must get much tougher on street crime!"
1113437257493561344,2019-04-03 21:45,immigration,"Congress must get together and immediately eliminate the loopholes at the Border! If no action, Border, or large sections of Border, will close. This is a National Emergency!"
1104499701016133634,2019-03-10 05:50,immigration,"I hope the grandstanding Governor of California is able to spend his very highly taxed citizens money on asylum holds more efficiently than money has been spent on the so-called Fast Train, which is $Billions over budget & in total disarray. Time to reduce taxes in California!"
1111655194658508800,2019-03-29 23:43,immigration,"....the Border, or large sections of the Border, next week. This would be so easy for Mexico to do, but they just take our money and “talk.” Besides, we lose so much money with them, especially when you add in drug trafficking etc.), that the Border closing would be a good thing!"
1119341792460247040,2019-04-20 04:47,other,"....big, fat, waste of time, energy and money - $30,000,000 to be exact. It is now finally time to turn the tables and bring justice to some very sick and dangerous people who have committed very serious crimes, perhaps even Spying or Treason. This should never happen again!"
1113951140650074120,2019-04-05 07:47,immigration,.@ByronYork: “How bad does border have to be for Democrats to admit it's an emergency?” https://t.co/6LOPQQEKtP
1137155056044826626,2019-06-08 08:31,other,"I am pleased to inform you that The United States of America has reached a signed agreement with Mexico. The Tariffs scheduled to be implemented by the U.S. on Monday, against Mexico, are hereby indefinitely suspended. Mexico, in turn, has agreed to take strong measures to...."
1174836342552969217,2019-09-20 08:03,other,Nice meeting with Mark Zuckerberg of @Facebook in the Oval Office today. https://t.co/k5ofQREfOc https://t.co/jNt93F2BsG
1091029180521897984,2019-02-01 01:43,immigration,"Very sadly, Murder cases in Mexico in 2018 rose 33% from 2017, to 33,341. This is a big contributor to the Humanitarian Crisis taking place on our Southern Border and then spreading throughout our Country. Worse even than Afghanistan. Much caused by DRUGS. Wall is being built!"
1146501821579583488,2019-07-04 03:31,immigration,".....came from, and in far safer conditions. No matter how good things actually look, even if perfect, the Democrat visitors will act shocked & aghast at how terrible things are. Just Pols. If they really want to fix them, change the Immigration Laws and Loopholes. So easy to do!"
1134921830773469184,2019-06-02 04:37,immigration,"...travesty that is taking place in allowing millions of people to easily meander through their country and INVADE the U.S., not to mention the Drugs & Human Trafficking pouring in through Mexico. Are the Drug Lords, Cartels & Coyotes really running Mexico? We will soon find out!"
1162090952170844164,2019-08-15 14:57,other,"Andrew, thank you! We will never forgive or forget.https://twitter.com/KellyannePolls/status/1162041355889254400 …"
1205102300785729537,2019-12-12 06:29,other,A fantastic night in Pennsylvania!https://twitter.com/realDonaldTrump/status/1204578501409554437 …
1160665443142643718,2019-08-12 05:33,other,"So funny to watch Little Donny Deutsch on TV with his own failing show. When I did The Apprentice, Donny would call me (along with @ErinBurnett & others) and BEG to be on that VERY successful show. He had the TV “bug” & I would let him come on though he (& Erin) had very little.."
1111611173131165697,2019-03-29 20:48,other,"On this Vietnam War Veterans Day, we celebrate the brave Vietnam Veterans and all of America’s Veterans. Thank you for your service to our great Nation!"
1084121557193146368,2019-01-13 00:14,immigration,We have a massive Humanitarian Crisis at our Southern Border. We will be out for a long time unless the Democrats come back from their “vacations” and get back to work. I am in the White House ready to sign!
1138789726771732480,2019-06-12 20:46,other,"The Fake News has never been more dishonest than it is today. Thank goodness we can fight back on Social Media. Their new weapon of choice is Fake Polling, sometimes referred to as Suppression Polls (they suppress the numbers). Had it in 2016, but this is worse....."
1191218806468820994,2019-11-04 13:01,other,"Great Republican Geary Higgins has my complete and total Endorsement for Virginia Senate, 13th District. He is strong on Crime, the Border, our Military, Cutting Taxes, and protecting your 2nd Amendment. Dem John Bell will take your guns & raise your taxes. Vote for Geary Higgins"
1115787055722790912,2019-04-10 09:22,immigration,The Democrats must end the loopholes on immigration. So easy to solve!
1210783484748255234,2019-12-28 12:44,immigration,The Wall is funded & being built! https://t.co/84BOxKr2Eo
1149661697675681792,2019-07-12 20:48,other,"....companies to come to the USA and to get companies that have left us for other lands to COME BACK HOME. We  stupidly lost 30% of our auto business to Mexico. If the Tariffs went on at the higher level, they would all come back, and fast. But very happy with the deal I made,..."
1094718856197799936,2019-02-11 06:04,other,"Well, it happened again. Amy Klobuchar announced that she is running for President, talking proudly of fighting global warming while standing in a virtual blizzard of snow, ice and freezing temperatures. Bad timing. By the end of her speech she looked like a Snowman(woman)!"
1086987568074424320,2019-01-20 22:03,immigration,"Wow, just heard that my poll numbers with Hispanics has gone up 19%, to 50%. That is because they know the Border issue better than anyone, and they want Security, which can only be gotten with a Wall."
1165396581836840961,2019-08-25 06:52,other,Thank you both. Sooo nice! https://t.co/Fo2CLjc9YZ
1134832749855039489,2019-06-01 22:43,other,"Spoke to Virginia Governor @RalphNortham last night, and the Mayor and Vice Mayor of Virginia Beach this morning, to offer condolences to that great community. The Federal Government is there, and will be, for whatever they may need. God bless the families and all!"
1134120831389392896,2019-05-30 23:34,other,"Robert Mueller came to the Oval Office (along with other potential candidates) seeking to be named the Director of the FBI. He had already been in that position for 12 years, I told him NO. The next day he was named Special Counsel - A total Conflict of Interest. NICE!"
1137329348409778177,2019-06-08 20:03,other,MEXICO HAS AGREED TO IMMEDIATELY BEGIN BUYING LARGE QUANTITIES OF AGRICULTURAL PRODUCT FROM OUR GREAT PATRIOT FARMERS!
1178648670583042048,2019-09-30 07:31,other,"“After many years, the United States is finally waking up to Beijing’s plans and ambitions to pass us as the dominant economic & military superpower in the 21st Century. What’s happening now is that the U.S. is finally responding (thank you President Trump). This is taking....."
1145097774402342912,2019-06-30 06:32,other,"I had a great meeting with President Xi of China yesterday, far better than expected. I agreed not to increase the already existing Tariffs that we charge China while we continue to negotiate. China has agreed that, during the negotiation, they will begin purchasing large....."
1173568871481171974,2019-09-16 20:06,other,"“The New York Times walks back report on Kavanaugh assault claim.” @foxandfriends  The one who is actually being assaulted is Justice Kavanaugh - Assaulted by lies and Fake News! This is all about the LameStream Media working with their partner, the Dems."
1208228281402757121,2019-12-21 11:30,other,"Last year I signed legislation that gives our Veterans CHOICE, through private providers, and at urgent care facilities! Today we fully funded this $10 billion a year effort that gets our brave Veterans care quickly, and close to home."
1127898588565135360,2019-05-13 19:29,other,"Has anyone noticed that all the Boston @RedSox have done is WIN since coming to the White House! Others also have done very well. The White House visit is becoming the opposite of being on the cover of Sports Illustrated! By the way, the Boston players were GREAT guys!"
1197954042342719488,2019-11-22 13:04,other,"...While we had the first prescription drug price decrease in 50 years, Americans still pay far too much for drugs – other countries pay far less – that is WRONG! We will soon be putting more options on the table..."
1203387348274360322,2019-12-08 02:54,other,"Hard to believe, but if Nancy Pelosi had put our great Trade Deal with Mexico and Canada, USMCA, up for a vote long ago, our economy would be even better. If she doesn’t move quickly, it will collapse!"
1135141467062771713,2019-06-02 19:09,immigration,The Democrats are doing nothing on the Border to address the Humanitarian and National Security Crisis! Could be fixed so easily if they would vote with Republicans to fix the loopholes.
1163238629730373632,2019-08-19 07:57,other,"The New York Times will be out of business soon after I leave office, hopefully in 6 years. They have Zero credibility and are losing a fortune, even now, especially after their massive unfunded liability. I’m fairly certain they’ll endorse me just to keep it all going!"
1156152107893960705,2019-07-30 18:38,immigration,"Somali refugees arresed in Tucson on way to Egypt. They were in touch with an agent posing as a terrorist. One of them stated, “The best wake up call is Islamic State to get victory or another 9/11.” Get smart people! #MAGA #KAG @foxandfriends"
1150766496462921728,2019-07-15 21:58,other,"....they are Anti-Semitic, they are Anti-America, we don’t need to know anything about them personally, talk about their policies. I think they are American citizens who are duly elected that are running on an agenda that is disgusting, that the American people will reject......"
1166711517536030720,2019-08-28 08:57,other,"....are all in for the Open Border Socialists (or beyond). Fox hires “give Hillary the questions” @ donnabrazile, Juan Williams and low ratings Shep Smith. HOPELESS & CLUELESS! They should go all the way LEFT and I will still find a way to Win - That’s what I do, Win. Too Bad!...."
1135150117252673536,2019-06-02 19:44,immigration,"People have been saying for years that we should talk to Mexico. The problem is that Mexico is an “abuser” of the United States, taking but never giving. It has been this way for decades. Either they stop the invasion of our Country by Drug Dealers, Cartels, Human Traffickers...."
1083554843627868160,2019-01-11 10:43,other,When I took the Oath of Office.... https://t.co/GDhIqteKpv
1102233209708924930,2019-03-03 23:44,other,"...said was a total lie, but Fake Media won’t show it. I am an innocent man being persecuted by some very bad, conflicted & corrupt people in a Witch Hunt that is illegal & should never have been allowed to start - And only because I won the Election! Despite this, great success!"
1169981019228913664,2019-09-06 09:29,other,"....This nonsense has never happened to another President. Four days of corrupt reporting, still without an apology. But there are many things that the Fake News Media has not apologized to me for, like the Witch Hunt, or SpyGate! The LameStream Media and their Democrat....."
1111212351204835328,2019-03-28 18:24,immigration,"Mexico is doing NOTHING to help stop the flow of illegal immigrants to our Country. They are all talk and no action. Likewise, Honduras, Guatemala and El Salvador have taken our money for years, and do Nothing. The Dems don’t care, such BAD laws. May close the Southern Border!"
1167552549974675458,2019-08-31 05:39,other,"The Great State of North Carolina has EARLY VOTING for a very important Congressional (Ninth) race. Please vote early (now), or on Election Day, September 10th, for Dan Bishop, a great guy. His opponent wants Open Borders, Sanctuary Cities & is weak on Crime, Military & Vets!"
1191708902041227264,2019-11-05 21:28,other,"This is the time for Mexico, with the help of the United States, to wage WAR on the drug cartels and wipe them off the face of the earth. We merely await a call from your great new president!"
1156938785189441536,2019-08-01 22:44,other,"BIG RALLY tonight in Cincinnati, Ohio. See you there! P.S. Our Country is doing GREAT!"
1114672393773912064,2019-04-07 07:33,immigration,We have redeployed 750 agents at the Southern Border’s specific Ports of Entry in order to help with the large scale surge of illegal migrants trying to make their way into the United States. This will cause traffic & commercial delays until such time as Mexico is able to use....
1166868481620492296,2019-08-29 08:21,immigration,"The  Amazon Washington Post and @CNN just did a Fake Interview on Pardons for Aids on the Wall, and that I didn’t think the Wall on the Southern Border was that important to stop Illegals wanting to come into our Country. WRONG, vitally important. Will make a BIG impact. So bad!"
1111965027483951105,2019-03-30 20:14,other,"In honor of his past service to our Country, Navy Seal #EddieGallagher will soon be moved to less restrictive confinement while he awaits his day in court. Process should move quickly! @foxandfriends @RepRalphNorman"
1168146167215079424,2019-09-01 20:58,other,"....reports are coming. Comey very vulnerable. But where is the Supreme Court. Where is Justice Roberts? If you lie to a court, you should be held in contempt. So, if you abused the FISA, you must be held accountable. I hope Justice Roberts will take action.” Jason Chaffetz, Fox"
1156702703239737346,2019-08-01 07:06,other,Very low ratings for the Democratic Debate last night — they’re desperate for Trump!
1138617323898724352,2019-06-12 09:21,other,"Beautiful afternoon in Iowa. Thank you to all of our Nation’s Farmers. May God bless you, and may God Bless America! https://t.co/VYA2bSzMWf"
1161467076621606912,2019-08-14 10:38,immigration,"Great interview of Ron Vitiello, Former Acting Ice Director, by @JesseBWatters, on @FoxNews, about all of the work that is being (& has been) done on our Southern Border. Thanks Ron, terrific job! Now if only the Democrats would fix the Loopholes & Asylum."
1211299664852598785,2019-12-29 22:55,other,Crazy Nancy Pelosi should spend more time in her decaying city and less time on the Impeachment Hoax! https://t.co/enoZZFxxmg
1173394057072205825,2019-09-16 08:31,other,"“We cannot have what happened to this President happen again.” Joe DiGenova.  “It is time for Justice to come barreling in.” @LouDobbs  Can you imagine that with everything going on in this World, the Witch Hunt, though on a respirator, is still whimpering along. A disgrace!"
1158797734394191873,2019-08-07 01:51,other,"... are NOT planning to illegally subvert the 2020 Election despite all that has been said to the contrary. It all sounded good until I watched Kevin Cernekee, a Google engineer, say terrible things about what they did in 2016 and that they want to “Make sure that Trump losses..."
1164138795475881986,2019-08-21 19:34,other,"“Thank you to Wayne Allyn Root for the very nice words. “President Trump is the greatest President for Jews and for Israel in the history of the world, not just America, he is the best President for Israel in the history of the world...and the Jewish people in Israel love him...."
1149661698829234176,2019-07-12 20:48,other,".....if Mexico produces (which I think they will). Biggest part of deal with Mexico has not yet been revealed! China is similar, except they devalue currency & subsidize companies to lessen effect of 25% Tariffs. So far, little effect to consumers. Companies will relocate to U.S."
1140392587720830976,2019-06-17 06:55,other,"Rep. Alexandria Ocasio-Cortez. “I think we have a very real risk of losing the Presidency to Donald Trump.” I agree, and that is the only reason they play the impeach card, which cannot be legally used!"
1169366511439552512,2019-09-05 05:47,other,"State Rep Greg Murphy is running for Congress in North Carolina, District 3. We really need Greg in Washington. He is great w/ the Military, our Vets, & your 2A. Strong on Crime and the Border, has had my Total Endorsement for a long time. Please vote for Greg on September 10th!"
1150883529141739520,2019-07-16 05:43,immigration,"The Obama Administration built the Cages, not the Trump Administration! DEMOCRATS MUST GIVE US THE VOTES TO CHANGE BAD IMMIGRATION LAWS."
1086984547856732161,2019-01-20 21:51,other,"Nancy, I am still thinking about the State of the Union speech, there are so many options - including doing it as per your written offer (made during the Shutdown, security is no problem), and my written acceptance. While a contract is a contract, I’ll get back to you soon!"
1089689185030758400,2019-01-28 08:58,immigration,"Never thought I’d say this but I think @johnrobertsFox and @JillianTurner @FoxNews have even less understanding of the Wall negotiations than the folks at FAKE NEWS CNN & NBC! Look to final results! Don’t know how my poll numbers are so good, especially up 19% with Hispanics?"
1083868608919420930,2019-01-12 07:29,immigration,".@CNN called a San Diego news station (@KUSINews) for negative reports on the Wall. When the station said that Walls work, CNN no longer had interest. #FakeNews https://t.co/IDyXqmDsPq"
1123033559802023936,2019-04-30 09:17,immigration,"The Coyotes and Drug Cartels are in total control of the Mexico side of the Southern Border. They have labs nearby where they make drugs to sell into the U.S. Mexico, one of the most dangerous country’s in the world, must eradicate this problem now. Also, stop the MARCH to U.S."
1200915174707859457,2019-12-01 07:11,other,Thank you to @BuckMcNeely1 and Oliver North for the nice words and thoughts in an excellent interview. Best wishes!
1153040324241088512,2019-07-22 04:33,other,"....Most importantly you have led Israel with a commitment to the values of democracy, freedom, and equal opportunity that both our nations cherish and share!"
1085154110108848128,2019-01-15 20:37,immigration,"A big new Caravan is heading up to our Southern Border from Honduras. Tell Nancy and Chuck that a drone flying around will not stop them. Only a Wall will work. Only a Wall, or Steel Barrier, will keep our Country safe! Stop playing political games and end the Shutdown!"
1090949309217075201,2019-01-31 20:25,immigration,"Very sadly, Murder cases in Mexico in 2018 rose 33% from 2017, to 33,341. This is a big contributor to the Humanitarian Crises taking place on our Southern Border and then spreading throughout our Country. Worse even than Afghanistan. Much caused by DRUGS. Wall is being built!"
1173804280190390272,2019-09-17 11:42,other,"We are all united by the same love of Country, the same devotion to family, and the same profound faith that America is blessed by the eternal grace of ALMIGHTY GOD!   Bound by these convictions, we will campaign for every vote & we will WIN the Great State of NEW MEXICO in 2020! https://t.co/BV5Wxs5GxE"
1153627260307611648,2019-07-23 19:25,other,"Newest Poll: Only 11% in favor of starting ridiculous impeachment hearings. Well, let’s see: We have the Best Economy in History, the Best Employment Numbers in History, Most People Working in History, Highest Stock Market in History, Biggest Tax and Regulation Cuts in History,.."
1197319631158988800,2019-11-21 09:03,other,"Watch @TuckerCarlson, @seanhannity, @IngrahamAngle. Big News! @FoxNews"
1179753043908268032,2019-10-03 21:40,other,"Fake News, just like the snakes and gators in the moat. The Media is deranged, they have lost their minds! https://t.co/rk26SXj4il"
1094355899194454017,2019-02-10 06:02,immigration,"The Democrats just don’t seem to want Border Security. They are fighting Border Agents recommendations. If you believe news reports, they are not offering much for the Wall. They look to be making this a campaign issue. The Wall will get built one way or the other!"
1153980875488542720,2019-07-24 18:50,other,"So Democrats and others can illegally fabricate a crime, try pinning it on a very innocent President, and when he fights back against this illegal and treasonous attack on our Country, they call It Obstruction? Wrong! Why didn’t Robert Mueller investigate the investigators?"
1097840249957466112,2019-02-19 20:48,immigration,"The failed Fast Train project in California, were the cost overruns are becoming world record setting, is hundreds of times more expensive than the desperately needed Wall!"
1104714098724519936,2019-03-10 20:02,other,"Despite the most hostile and corrupt media in the history of American politics, the Trump Administration has accomplished more in its first two years than any other Administration. Judges, biggest Tax & Regulation Cuts, V.A. Choice, Best Economy, Lowest Unemployment & much more!"
1099684406002925568,2019-02-24 22:56,immigration,"Poll: Suburban women are coming back into the Republican Party in droves “because of the Wall and Border Security. 70% support Border Security and the Wall.” Not believing the Walls are immoral line. Beverly Hallberg, Independent Women’s Forum @KatiePavlich  A great USA issue!"
1207151165894471680,2019-12-18 12:10,other,"So, if Comey & the top people in the FBI were dirty cops and cheated on the FISA Court, wouldn’t all of these phony cases have to be overturned or dismissed? They went after me with the Fake Dossier, paid for by Crooked Hillary & the DNC, which they illegally presented to FISA..."
1106279613431508992,2019-03-15 03:43,immigration,"I look forward to VETOING the just passed Democrat inspired Resolution which would OPEN BORDERS while increasing Crime, Drugs, and Trafficking in our Country. I thank all of the Strong Republicans who voted to support Border Security and our desperately needed WALL!"
1149472282584072192,2019-07-12 08:15,other,"I am not a fan of Bitcoin and other Cryptocurrencies, which are not money, and whose value is highly volatile and based on thin air. Unregulated Crypto Assets can facilitate unlawful behavior, including drug trade and other illegal activity...."
1081729046277509121,2019-01-06 09:47,immigration,"AP-NORC POLL: “Immigration among the top concerns in 2019.” People want to stop drugs and criminals at the Border. Want Border Security! Tell the Dems to do the inevitable now, rather than later. The wait is costly and dangerous!"
1161381923488436224,2019-08-14 05:00,other,"True! Without being stuck at an airport, where CNN buys (at a big price) an uninterested audience, they’ve got nothing going. @CNN is BAD for America! https://t.co/68pehXFHmx"
1164169890917433346,2019-08-21 21:38,other,"My proposal to the politically correct Automobile Companies would lower the average price of a car to consumers by more than $3000, while at the same time making the cars substantially safer. Engines would run smoother. Very little impact on the environment! Foolish executives!"
1108004465121075200,2019-03-19 21:57,other,"Facebook, Google and Twitter, not to mention the Corrupt Media, are sooo on the side of the Radical Left Democrats. But fear not, we will win anyway, just like we did before! #MAGA"
1179928359679270912,2019-10-04 09:16,other,Another big loss for the Do Nothing Dems! https://t.co/Pwp7dYdF8e
1095469449052868610,2019-02-13 07:47,immigration,"....Will be getting almost $23 BILLION for Border Security. Regardless of Wall money, it is being built as we speak!"
1113959417765146624,2019-04-05 08:19,other,"I am pleased to announce that Jovita Carranza will be nominated as the new @SBAgov Administrator. She will be replacing Linda McMahon, who has done an outstanding job. Jovita was a great Treasurer of the United States – and I look forward to her joining my Cabinet!"
1146740683119742978,2019-07-04 19:20,immigration,"So important for our Country that the very simple and basic “Are you a Citizen of the United States?” question be allowed to be asked in the 2020 Census. Department of Commerce and the Department of Justice are working very hard on this, even on the 4th of July!"
1162414717505277952,2019-08-17 01:23,other,"Senator Jim Risch of the Great State of Idaho has been an incredible supporter of our Agenda! He is tough on Crime, Strong on Borders, and will continue to fight for our Second Amendment. Jim will never let you down. He has my Full and Complete Endorsement!"
1151871835564326918,2019-07-18 23:10,immigration,"Most of the MS-13 Gang members indicted & arrested in L.A. were illegal aliens, 19 of 22. They are said to have killed many people in the most brutal fashion. They should never have been allowed in our Country for so long, 10 years. We have arrested and deported thousands...."
1137155057667989511,2019-06-08 08:31,immigration,"....stem the tide of Migration through Mexico, and to our Southern Border. This is being done to greatly reduce, or eliminate, Illegal Immigration coming from Mexico and into the United States. Details of the agreement will be released shortly by the State Department. Thank you!"
1130528709629358080,2019-05-21 01:40,other,"See you tonight at 7:00 P.M. Eastern, Montoursville, Pennsylvania! #MAGA https://t.co/Ij2AjXfRZa"
1170897587387412480,2019-09-09 11:11,other,".....the importance or passage of Criminal Justice Reform. They only talk about the minor players, or people that had nothing to do with it...And the people that so desperately sought my help when everyone else had failed, all they talk about now is Impeaching President Trump!"
1203409115373981697,2019-12-08 04:21,other,"The United States Secret Service Deputy Assistant Director, Anthony Ornato, will become my new Deputy Chief of Staff for Operations. I have worked with Tony for 3 years - he will do a fantastic job! Thank you to Dan Walsh for his great service, and congratulations to Tony!"
1167876729538400259,2019-09-01 03:08,other,"Enjoy the low gas prices over the Labor Day weekend! My energy policies have made America energy independent while keeping prices low, just like a Tax Cut. The Democrats “green” policies will raise your price of gas! https://t.co/iBS1UQul7A"
1176339522113679360,2019-09-24 11:36,other,She seems like a very happy young girl looking forward to a bright and wonderful future. So nice to see! https://t.co/1tQG6QcVKO
1134452086857523205,2019-05-31 21:30,immigration,"Mexico has taken advantage of the United States for decades. Because of the Dems, our Immigration Laws are BAD. Mexico makes a FORTUNE from the U.S., have for decades, they can easily fix this problem. Time for them to finally do what must be done!"
1191000516580519937,2019-11-03 22:33,other,"The Whistleblower got it sooo wrong that HE must come forward. The Fake News Media knows who he is but, being an arm of the Democrat Party, don’t want to reveal him because there would be hell to pay.   Reveal the Whistleblower and end the Impeachment Hoax!"
1158706052768157701,2019-08-06 19:47,other,"@sundarpichai of Google was in the Oval Office working very hard to explain how much he liked me, what a great job the Administration is doing, that Google was not involved with China’s military, that they didn’t help Crooked Hillary over me in the 2016 Election, and that they..."
1127529870014201856,2019-05-12 19:04,other,"Think of it. I became President of the United States in one of the most hard fought and consequential elections in the history of our great nation. From long before I ever took office, I was under a sick & unlawful investigation concerning what has become known as the Russian...."
1113819627212169219,2019-04-04 23:04,other,"The New York Times had no legitimate sources, which would be totally illegal, concerning the Mueller Report. In fact, they probably had no sources at all! They are a Fake News paper who have already been forced to apologize for their incorrect and very bad reporting on me!"
1117751619469361152,2019-04-15 19:28,immigration,Congress should come back to D.C. now and FIX THE IMMIGRATION LAWS!
1202232743876161537,2019-12-04 22:26,other,"....When today’s meetings are over, I will be heading back to Washington. We won’t be doing a press conference at the close of NATO because we did so many over the past two days. Safe travels to all!"
1113778970145615878,2019-04-04 20:22,other,"According to polling, few people seem to care about the Russian Collusion Hoax, but some Democrats are fighting hard to keep the Witch Hunt alive. They should focus on legislation or, even better, an investigation of how the ridiculous Collusion Delusion got started - so illegal!"
1178643854737772545,2019-09-30 20:12,other,"Rep. Adam Schiff illegally made up a FAKE & terrible statement, pretended it to be mine as the most important part of my call to the Ukrainian President, and read it aloud to Congress and the American people. It bore NO relationship to what I said on the call. Arrest for Treason?"
1172633140067753984,2019-09-14 06:08,immigration,Great news about the work we are doing on illegal immigration! https://t.co/ihTYQAYWxu
1097666398778785792,2019-02-19 09:17,other,Today more than 50 countries around the world now recognize the rightful government of Venezuela. The Venezuelan people have spoken and the world has heard their voice. They are turning the page on Socialism and Dictatorship; and there will be NO GOING BACK! https://t.co/C3DL5RFfiE
1164744428680097792,2019-08-23 11:41,other,".@SenCoryGardner has done a fantastic job representing the people of Colorado. He really knows how to win. Strong on Crime, Borders & the 2nd A, Cory fights hard for our Military & Vets. John Hickenlooper is badly damaged after his horrible run for President. Big Primary trouble!"
1119781053932232705,2019-04-21 09:53,other,Thank you @JesseBWatters and @DBongino! https://t.co/aGH4GBzhqh
1081535102461579264,2019-01-05 20:57,immigration,"The Democrats could solve the Shutdown problem in a very short period of time. All they have to do is approve REAL Border Security (including a Wall), something which everyone, other than drug dealers, human traffickers and criminals, want very badly! This would be so easy to do!"
1081883505049636864,2019-01-06 20:01,immigration,"“We simply cannot allow people to pour into the United States undetected, undocumented, unchecked...” Barrack Obama, 2005. I voted, when I was a Senator, to build a barrier to try to prevent illegal immigrants from coming in...” Hillary Clinton, 2015."
1095523879689293825,2019-02-13 11:23,immigration,"I want to thank all Republicans for the work you have done in dealing with the Radical Left on Border Security. Not an easy task, but the Wall is being built and will be a great achievement and contributor toward life and safety within our Country!"
1164914609180033026,2019-08-23 09:57,other,"As usual, the Fed did NOTHING! It is incredible that they can “speak” without knowing or asking what I am doing, which will be announced shortly. We have a very strong dollar and a very weak Fed. I will work “brilliantly” with both, and the U.S. will do great..."
1168487907725840384,2019-09-02 19:36,other,"“When you put everything together, the pro growth Tax & Regulation Cuts, help to retrain workers, the Tariffs which encourage manufacturers to come back to America, along with President Trumps tough approach on immigration (strong stance on illegals, promoting Merit Based), it..."
1101340141501714432,2019-03-01 12:35,other,"Today in Alaska, it was my great honor to visit with our brave men and women of the United States Military at Joint Base Elmendorf-Richardson. We are forever grateful for their service and sacrifice. THANK YOU! https://t.co/4REVxKUsHT"
1116092912146759681,2019-04-11 05:37,other,"Join me in Crosby, Texas as I deliver remarks and sign Executive Orders on Energy and Infrastructure! https://t.co/oun56uzi53"
1185037614685904896,2019-10-18 11:39,other,"Democrats are now the party of high taxes, high crime, open borders, late-term abortion, socialism, and blatant corruption. The Republican Party is the party of the American Worker, the American Family, and the American Dream! #KAG2020 https://t.co/qXB198T5cM"
1203427964135698433,2019-12-08 05:35,other,"@KimStrassel “Schiff’s surveillance (obtaining phone logs) is an unprecedented abuse of power.”  To put it mildly. Also, it is illegal!"
1193192673429131264,2019-11-09 23:44,other,Bringing the word “Nationalism” back into the mainstream - great job by Rich Lowry! Very important book. https://t.co/yQI4ylGgDb
1104506943887065089,2019-03-10 06:19,other,The Witch Hunt continues! https://t.co/9W1iUgE0d6
1177356904110133248,2019-09-27 06:58,other,"Congratulations to my friend @SenShelby, our powerful Appropriations Chairman, for his hard work on many strong bills that continue to rebuild our military, invest in border security, and many other priorities. Good work and keep fighting, you are winning!"
1094948909657542656,2019-02-11 21:18,immigration,"The Democrats do not want us to detain, or send back, criminal aliens! This is a brand new demand. Crazy!"
1104503216111321089,2019-03-10 06:04,immigration,"Wacky Nut Job @AnnCoulter, who still hasn’t figured out that, despite all odds and an entire Democrat Party of Far Left Radicals against me (not to mention certain Republicans who are sadly unwilling to fight), I am winning on the Border. Major sections of Wall are being built..."
1102380332072996864,2019-03-04 09:28,other,And also illegally leaking to Fake News CNN & others? https://t.co/GAItdhWniB
1173672361670975490,2019-09-17 02:57,immigration,"Big crowd expected in New Mexico tonight, where we will WIN. Your Border Wall is getting stronger each and every day — see you in a few hours! https://t.co/uuG2gu0tTg"
1208155412962447360,2019-12-21 06:41,immigration,"We are getting MS-13 gang members, and many other people that shouldn’t be here, out of our Country! https://t.co/Cfk4iIBVTQ"
1153126579641495552,2019-07-22 10:16,immigration,"Senator Chuck Schumer has finally gone to the Southern Border with some Democrat Senators. This is a GREAT thing! Nearby, he missed a large group of Illegal Immigrants trying to enter the USA illegally. They wildly  rushed Border Patrol. Some Agents were badly injured...."
1143888628562714624,2019-06-26 22:27,other,"Women’s soccer player, @meganrapino, just stated that she is “not going to the F...ing White House if we win.” Other than the NBA, which now refuses to call owners, owners (please explain that I just got Criminal Justice Reform passed, Black unemployment is at the lowest level..."
1155807406812782592,2019-07-29 19:48,other,"The E.U. and China will further lower interest rates and pump money into their systems, making it much easier for their manufacturers to sell product. In the meantime, and with very low inflation, our Fed does nothing - and probably will do very little by comparison. Too bad!"
1134921828198232064,2019-06-02 04:37,other,"....U.S. in order to avoid paying the 25% Tariff. Like Mexican companies will move back to the United States once the Tariff reaches the higher levels. They took many of our companies & jobs, the foolish Pols let it happen, and now they will come back unless Mexico stops the....."
1195356211937468417,2019-11-15 23:01,other,"....They call it “serving at the pleasure of the President.” The U.S. now has a very strong and powerful foreign policy, much different than proceeding administrations. It is called, quite simply, America First! With all of that, however, I have done FAR more for Ukraine than O."
1106144173458161664,2019-03-14 18:44,immigration,"A big National Emergency vote today by The United States Senate on Border Security & the Wall (which is already under major construction). I am prepared to veto, if necessary. The Southern Border is a National Security and Humanitarian Nightmare, but it can be easily fixed!"
1155073965880172544,2019-07-27 19:14,immigration,"....As proven last week during a Congressional tour, the Border is clean, efficient & well run, just very crowded. Cumming District is a disgusting, rat and rodent infested mess. If he spent more time in Baltimore, maybe he could help clean up this very dangerous & filthy place"
1178074551541997568,2019-09-29 06:30,other,"....fraudulently and illegally inserted his made up & twisted words into my call with the Ukrainian President to make it look like I did something very wrong. He then boldly read those words to Congress and millions of people, defaming & libeling me. He must resign from Congress!"
1142784534204882944,2019-06-23 21:20,other,Wonderful Church service at Camp David. Thank you!
1093871865246961666,2019-02-08 21:59,other,"...It is all a GIANT AND ILLEGAL HOAX, developed long before the election itself, but used as an excuse by the Democrats as to why Crooked Hillary Clinton lost the Election! Someday the Fake News Media will turn honest & report that Donald J. Trump was actually a GREAT Candidate!"
1088149393851760642,2019-01-24 03:00,immigration,Even Trump Haters like (MS)NBC acknowledge you “BUILD A WALL & CRIME WILL FALL!” https://t.co/bKIgmHUW5P
1140796187248922625,2019-06-18 09:39,other,"Thousands of people are already lined up in Orlando, some two days before tomorrow nights big Rally. Large Screens and food trucks will be there for those that can’t get into the 25,000 capacity arena. It will be a very exciting evening! Make America Great Again!"
1182292163721404416,2019-10-10 21:49,other,"Big day of negotiations with China. They want to make a deal, but do I? I meet with the Vice Premier tomorrow at The White House."
1079902957938925568,2019-01-01 08:51,immigration,"The Democrats will probably submit a Bill, being cute as always, which gives everything away but gives NOTHING to Border Security, namely the Wall. You see, without the Wall there can be no Border Security - the Tech “stuff” is just, by comparison, meaningless bells & whistles..."
1155580142225383425,2019-07-29 04:45,other,....be leaving office on August 15th. I would like to thank Dan for his great service to our Country. The Acting Director will be named shortly.
1112091249153134598,2019-03-31 04:36,immigration,Mexico must use its very strong immigration laws to stop the many thousands of people trying to get into the USA. Our detention areas are maxed out & we will take no more illegals. Next step is to close the Border! This will also help us with stopping the Drug flow from Mexico!
1135152434202980353,2019-06-02 19:53,immigration,"The Wall is under construction and moving along quickly, despite all of the Radical Liberal Democrat lawsuits. What are they thinking as our Country is invaded by so many people (illegals) and things (Drugs) that we do not want. Make America Great Again!"
1111244058570248199,2019-03-28 20:30,other,"Very important that OPEC increase the flow of Oil. World Markets are fragile, price of Oil getting too high. Thank you!"
1153641906699681795,2019-07-23 20:23,immigration,"Guatemala, which has been forming Caravans and sending large numbers of people, some with criminal records, to the United States, has decided to break the deal they had with us on signing a necessary Safe Third Agreement. We were ready to go. Now we are looking at the “BAN,”...."
1179179575059927040,2019-10-02 07:41,other,"....People, their VOTE, their Freedoms, their Second Amendment, Religion, Military, Border Wall, and their God-given rights as a Citizen of The United States of America!"
1183366057169444864,2019-10-13 20:57,other,"Very smart not to be involved in the intense fighting along the Turkish Border, for a change. Those that mistakenly got us into the Middle East Wars are still pushing to fight. They have no idea what a bad decision they have made. Why are they not asking for a Declaration of War?"
1114223249917788160,2019-04-06 01:48,immigration,"Will soon be landing in Calexico, California to look at a portion of the new WALL being built on our Southern Border. Within two years we will have close to 400 miles built or under construction & keeping our Country SAFE – not easy when the Dems are always fighting to stop you!"
1210782718524395523,2019-12-28 12:41,other,"Now that wasn’t very nice, was it? https://t.co/RHEriGdEQO"
1137712485769863168,2019-06-09 21:26,other,"If President Obama made the deals that I have made, both at the Border and for the Economy, the Corrupt Media would be hailing them as Incredible, & a National Holiday would be immediately declared. With me, despite our record setting Economy and all that I have done, no credit!"
1137045728344170496,2019-06-08 01:16,other,"If we are able to make the deal with Mexico, & there is a good chance that we will, they will begin purchasing Farm & Agricultural products at very high levels, starting immediately. If we are unable to make the deal, Mexico will begin paying Tariffs at the 5% level on Monday!"
1150384263088525312,2019-07-14 20:39,other,"Thank you, so nice, but we are getting it done anyway! https://t.co/w2fhJK6FmF"
1136185948411191297,2019-06-05 16:20,immigration,"“House Republicans support the President on Tariffs with Mexico all the way, & that makes any measure the President takes on the Border totally Veto proof. Why wouldn’t you as Republicans support him when that will allow our President to make a better deal.” Thank you @GOPLeader"
1110714893039267840,2019-03-27 09:27,other,"The Fake News Media has lost tremendous credibility with its corrupt coverage of the illegal Democrat Witch Hunt of your all time favorite duly elected President, me! T.V. ratings of CNN & MSNBC tanked last night after seeing the Mueller Report statement. @FoxNews up BIG!"
1119969946002440198,2019-04-21 22:23,other,Can you believe that I had to go through the worst and most corrupt political Witch Hunt in the history of the United States (No Collusion) when it was the “other side” that illegally created the diversionary & criminal event and even spied on my campaign? Disgraceful!
1153737355188199437,2019-07-24 02:43,other,"....I got to know him over his many years as Chairman of the Police Athletic League, for which he devoted so much time and energy. Bob Morgenthau, a legend, will be greatly missed!"
1124158008844541954,2019-05-03 11:45,other,"...at every turn in attempts to gain access. But now Republicans and Democrats must come together for the good of the American people. No more costly & time consuming investigations. Lets do Immigration (Border), Infrastructure, much lower drug prices & much more - and do it now!"
1083083858357248000,2019-01-10 03:31,other,"Thank you to all of America's brave police, deputies, sheriffs, and federal law enforcement on National Law Enforcement Appreciation Day! We love you and will always support you. https://t.co/kGL6kPmpDY"
1083099784012091396,2019-01-10 04:34,immigration,"Just left a meeting with Chuck and Nancy, a total waste of time. I asked what is going to happen in 30 days if I quickly open things up, are you going to approve Border Security which includes a Wall or Steel Barrier? Nancy said, NO. I said bye-bye, nothing else works!"
1180241849199583233,2019-10-05 06:02,immigration,"I have just officially nominated Poland for entry into the Visa Waiver Program. With this decades long-awaited announcement, we are in the final steps of the process which, when complete, would grant Polish nationals visa-free business and tourism travel to the U.S. & vice versa."
1156175364802142209,2019-07-30 20:11,other,"Wow! Morning Joe & Psycho ratings have really crashed. Very small audience. People are tired of hearing Fake News delivered with an anger that is not to be believed. Sad, when the show was sane, they helped get me elected. Thanks! Was on all the time. Lost all of its juice!"
1181033358794661889,2019-10-07 10:27,other,"Nancy Pelosi knew of all of the many Shifty Adam Schiff lies and massive frauds perpetrated upon Congress and the American people, in the form of a fraudulent speech knowingly delivered as a ruthless con, and the illegal meetings with a highly partisan “Whistleblower” & lawyer..."
1111650176345800705,2019-03-29 23:23,immigration,"The DEMOCRATS have given us the weakest immigration laws anywhere in the World. Mexico has the strongest, & they make more than $100 Billion a year on the U.S. Therefore, CONGRESS MUST CHANGE OUR WEAK IMMIGRATION LAWS NOW, & Mexico must stop illegals from entering the U.S...."
1114888062884954114,2019-04-07 21:50,other,"Looks like Bob Mueller’s team of 13 Trump Haters & Angry Democrats are illegally leaking information to the press while the Fake News Media make up their own stories with or without sources - sources no longer matter to our corrupt & dishonest Mainstream Media, they are a Joke!"
1161258370478858240,2019-08-13 20:49,other,"Through massive devaluation of their currency and pumping vast sums of money into their system, the tens of billions of dollars that the U.S. is receiving is a gift from China. Prices not up, no inflation. Farmers getting more than China would be spending. Fake News won’t report!"
1116707442061193217,2019-04-12 22:19,immigration,"Even the Democrats now say that our Southern Border is a Crisis and a National Emergency. Hopefully, we will not be getting any more BAD (outrageous) court decisions!"
1111007177190375424,2019-03-28 04:48,other,We are here today to award America’s highest military honor to a fallen hero who made the supreme sacrifice for our nation – Staff Sergeant Travis Atkins...https://t.co/q3J8BhRnhA
1178442765736333313,2019-09-30 06:53,other,"....In addition, I want to meet not only my accuser, who presented SECOND & THIRD HAND INFORMATION, but also the person who illegally gave this information, which was largely incorrect, to the “Whistleblower.” Was this person SPYING on the U.S. President? Big Consequences!"
1179720723969052672,2019-10-03 19:31,other,Book is doing really well. A study in unfairness to a potentially great Justice! https://t.co/i6GwghuEsU
1134559092545134593,2019-06-01 04:35,other,"I will be announcing my Second Term Presidential Run with First Lady Melania, Vice President Mike Pence, and Second Lady Karen Pence on June 18th in Orlando, Florida, at the 20,000 seat Amway Center. Join us for this Historic Rally! Tickets: https://t.co/1krDP2oQvG"
1158706056677199874,2019-08-06 19:47,other,"....are NOT planning to illegally subvert the 2020 Election despite all that has been said to the contrary. It all sounded good until I watched Kevin Cernekee, a Google engineer, say terrible things about what they did in 2016 and that they want to “Make sure that Trump losses..."
1167413739320201216,2019-08-30 20:28,other,"The disastrous IG Report on James Comey shows, in the strongest of terms, how unfairly I, and tens of millions of great people who support me, were treated. Our rights and liberties were illegally stripped away by this dishonest fool. We should be given our stolen time back?"
1166466892770549765,2019-08-28 05:45,immigration,"Looking forward to being with Dan Bishop in two weeks, in North Carolina. His opponent believes in Open Borders and Sanctuary Cities, and won’t protect your Second Amendment! https://t.co/nSX2yuXAb1"
1189173602500911105,2019-10-29 21:34,other,"A great new book just out, “The Plot Against the President. The True Story Of How Congressman Devin Nunez Uncovered the Biggest Political Scandal In U.S. History.” Shows very bad and corrupt people on the other side. Check it out!"
1137312170100875264,2019-06-08 18:55,immigration,"Brandon Judd, National Border Patrol Council: “That’s going to be a huge deal because Mexico will be using their strong Immigration Laws - A game changer. People no longer will be released into the U.S.” Also, 6000 Mexican Troops at their Southern Border. Currently there are few!"
1104121030862237696,2019-03-09 04:45,other,"Aluminum prices are down 12% since I instituted Tariffs on Aluminum Dumping - and the U.S. will be taking in Billions, plus jobs. Nice!"
1138023190020730880,2019-06-10 18:00,immigration,"Now with our new deal, Mexico is doing more for the USA on Illegal Immigration than the Democrats. In fact, the Democrats are doing NOTHING, they want Open Borders, which means Illigal Immigration, Drugs and Crime."
1162490843619635201,2019-08-17 06:26,other,"Israel was very respectful & nice to Rep. Rashida Tlaib, allowing her permission to visit her “grandmother.” As soon as she was granted permission, she grandstanded & loudly proclaimed she would not visit Israel. Could this possibly have been a setup? Israel acted appropriately!"
1120388545506619395,2019-04-23 02:06,immigration,"Spoke to the Prime Minister of Italy, Giuseppe Conte, mostly concerning Immigration, Taxes, Trade, and the Economy of both of our countries. Very good call!"
1089161485148975105,2019-01-26 22:01,immigration,"21 days goes very quickly. Negotiations with Democrats will start immediately. Will not be easy to make a deal, both parties very dug in. The case for National Security has been greatly enhanced by what has been happening at the Border & through dialogue. We will build the Wall!"
1129336982319050752,2019-05-17 18:44,immigration,"Border Patrol is apprehending record numbers of people at the Southern Border. The bad “hombres,” of which there are many, are being detained & will be sent home. Those which we release under the ridiculous Catch & Telease loophole, are being registered and will be removed later!"
1181940389990805504,2019-10-09 22:32,immigration,"President Obama said that he did not have the right to sign DACA, that it will never hold up in court. He signed it anyway! If the Supreme Court upholds DACA, it gives the President extraordinary powers, far greater than ever thought. If they do what is right and do not let......"
1083001986331672580,2019-01-09 22:06,immigration,"Our Country is doing so well in so many ways. Great jobs numbers, with a record setting December. We are rebuilding our military. Vets finally have Choice & Accountability. Economy & GDP are strong. Tax & Reg cuts historic. Trade deals great. But we MUST fix our Southern Border!"
1167765375972519936,2019-08-31 19:45,immigration,Thank you Kevin. Great things are happening at the Border! https://t.co/gR71Z1Au8B
1099366469010366464,2019-02-24 01:52,immigration,"There is far more ENERGY on the Right than there is on the Left. That’s why we just won the Senate and why we will win big in 2020. The Fake News just doesn’t want to report the facts. Border Security is a big factor. The under construction Wall will stop Gangs, Drugs and Crime!"
1134061454250975232,2019-05-30 19:38,other,"Russia, Russia, Russia! That’s all you heard at the beginning of this Witch Hunt Hoax...And now Russia has disappeared because I had nothing to do with Russia helping me to get elected. It was a crime that didn’t exist. So now the Dems and their partner, the Fake News Media,....."
1165062760415354881,2019-08-24 08:46,other,"Thank you to @DiamondandSilk for the really nice words and thoughts on @LouDobbs, tonight hosted by Lou’s friend, @DavidAsmanfox. Great job by all. P.S. Check out these two great women on tour tomorrow night in NYC at the Marriott Marquis Hotel, Broadway. Have fun!"
1169600039188160512,2019-09-05 21:15,other,"....said what she did, even being on a much higher rated show, she would have been thrown off television. Will Fake News NBC allow a McCarthy style Racist to continue? ABC fired Roseanne. Watch the double standard!"
1129343742748569601,2019-05-17 19:11,other,"My Campaign for President was conclusively spied on. Nothing like this has ever happened in American Politics. A really bad situation. TREASON means long jail sentences, and this was TREASON!"
1162393227640606720,2019-08-16 23:58,other,Congratulations to Patrick Yoes for his election as National President of the great Fraternal Order of Police. Together we will fight for our incredible Law Enforcement Officers!
1103353074469535750,2019-03-07 01:54,immigration,"Senate Republicans are not voting on constitutionality or precedent, they are voting on desperately needed Border Security & the Wall. Our Country is being invaded with Drugs, Human Traffickers, & Criminals of all shapes and sizes. That’s what this vote is all about. STAY UNITED!"
1155205025121132545,2019-07-28 03:55,other,"Consideration is being given to declaring ANTIFA, the gutless Radical Left Wack Jobs who go around hitting (only non-fighters) people over the heads with baseball bats, a major Organization of Terror (along with MS-13 & others). Would make it easier for police to do their job!"
1121012339552194560,2019-04-24 19:25,immigration,"A very big Caravan of over 20,000 people started up through Mexico. It has been reduced in size by Mexico but is still coming. Mexico must apprehend the remainder or we will be forced to close that section of the Border & call up the Military. The Coyotes & Cartels have weapons!"
1180336118207787008,2019-10-05 12:17,other,Thank you @KimStrassel and @AndrewCMcCarthy! https://t.co/aR6J1KIPRX
1189023754912964608,2019-10-29 11:38,other,"“Americans know by now that the Impeachment inquiry is just another hoax and silent coup to remove the President from office.” J.J. Crovatto  Don’t worry J.J., Schiff is a leaker & corrupt politician who made up what I said on the call in order to hurt the Republican Party & me!"
1206288430721904644,2019-12-16 03:02,other,“The President did nothing wrong here. There is no crime.” @charliekirk11  Impeachment Hoax!
1088151799926874112,2019-01-24 03:09,other,“The Historic Results of President Donald J. Trump’s First Two Years in Office” https://t.co/AFnWWiLlCa
1131152788770181121,2019-05-22 19:00,other,"Without the ILLEGAL Witch Hunt, my poll numbers, especially because of our historically “great” economy, would be at 65%. Too bad! The greatest Hoax in American History."
1155656149078876160,2019-07-29 09:47,immigration,"“If the Democrats would have closed the Loopholes two years ago when President Trump asked them to do so, none of this stuff would have happened.” @ThomasHomanICE"
1155219288191569920,2019-07-28 04:51,immigration,"Such a big victory of our Country! “Supreme Court approves Trump Administration plan to use Military Funds for the Wall.” @FoxNews  We will be fully reimbursed for this expenditure, over time, by other countries."
1153311945698742272,2019-07-22 22:32,other,Going with First Lady to pay our respects to Justice Stevens. Leaving now!
1155938089044307970,2019-07-30 04:28,other,"....He is tough on Crime, Strong on Borders, and will fight for our Second Amendment. Daniel will never let you down. He has my Full and Complete Endorsement!"
1091864144071020544,2019-02-03 09:01,other,"Ed Gillespie, who ran for Governor of the Great State of Virginia against Ralph Northam, must now be thinking Malpractice and Dereliction of Duty with regard to his Opposition Research Staff. If they find that terrible picture before the election, he wins by 20 points!"
1094631415357075461,2019-02-11 00:17,immigration,"I don’t think the Dems on the Border Committee are being allowed by their leaders to make a deal. They are offering very little money for the desperately needed Border Wall & now, out of the blue, want a cap on convicted violent felons to be held in detention!"
1099082126354509826,2019-02-23 07:02,other,"....Kelly has done an outstanding job representing our Nation and I have no doubt that, under her leadership, our Country will be represented at the highest level. Congratulations to Kelly and her entire family!"
1188053446215323650,2019-10-26 19:23,other,"“Not a single American citizen has been charged with anything related to Russian Collusion, not one person.” @TuckerCarlson  It was all an illegal Witch Hunt!"
1175795391310155782,2019-09-22 23:34,other,Justice Kavanaugh should sue The Failing New York Times for all they are worth!
1090987128480301056,2019-01-31 22:56,other,"Looking for China to open their Markets not only to Financial Services, which they are now doing, but also to our Manufacturing, Farmers and other U.S. businesses and industries. Without this a deal would be unacceptable!"
1117813315269320709,2019-04-15 23:33,immigration,"Mark Morgan, President Obama’s Border Patrol Chief, gave the following message to me: “President Trump, stay the course.” I agree, and believe it or not, we are making great progress with a system that has been broken for many years!"
1207047767987757058,2019-12-18 05:19,other,"Congressman @Denver4VA Riggleman is a true CONSERVATIVE leader who has done a great job for Virginia and will support our #MAGA Agenda. He defends our right to bear arms, protect our Borders & help small businesses. Denver has my Total Endorsement!"
1099656646840778752,2019-02-24 21:05,other,President Xi of China has been very helpful in his support of my meeting with Kim Jong Un. The last thing China wants are large scale nuclear weapons right next door. Sanctions placed on the border by China and Russia have been very helpful. Great relationship with Chairman Kim!
1140696990843572225,2019-06-18 03:05,other,"One size doesn’t fit all - I support West Virginia Schools. Keep up the great work, @WVGovernor Big Jim Justice -  I am with you! https://t.co/EomFLcBjlz"
1184427310935609345,2019-10-16 19:14,other,“What is happening to President Trump with Impeachment is a Constitutional Travesty.” @GrahamLedger  The likes of which we have never seen before. It is Adam Schiff and Nancy Pelosi who should be impeached for fraud!
1112702018383212544,2019-04-01 21:03,immigration,Can you believe that the Radical Left Democrats want to do our new and very important Census Report without the all important Citizenship Question. Report would be meaningless and a waste of the $Billions (ridiculous) that it costs to put together!
1086977510225727488,2019-01-20 21:23,immigration,"No, Amnesty is not a part of my offer. It is a 3 year extension of DACA. Amnesty will be used only on a much bigger deal, whether on immigration or something else. Likewise there will be no big push to remove the 11,000,000 plus people who are here illegally-but be careful Nancy!"
1082857997032919040,2019-01-09 12:33,other,Thank you for soooo many nice comments regarding my Oval Office speech. A very interesting experience!
1178477536818413571,2019-09-30 09:11,other,"....rid of Donald J. Trump - And the Democrats don’t care if they burn down and destroy this nation in the process. I have never seen the Evangelical Christians more angry over any issue than this attempt to illegitimately remove this President from office, overturn the 2016...."
1137697506454835200,2019-06-09 20:26,other,".....not mentioned in yesterday press release, one in particular, were agreed upon. That will be announced at the appropriate time. There is now going to be great cooperation between Mexico & the USA, something that didn’t exist for decades. However, if for some unknown reason..."
1090566017238093824,2019-01-30 19:02,other,Maduro willing to negotiate with opposition in Venezuela following U.S. sanctions and the cutting off of oil revenues. Guaido is being targeted by Venezuelan Supreme Court. Massive protest expected today. Americans should not travel to Venezuela until further notice.
1166683442098163712,2019-08-28 20:06,other,"So interesting to read and see all of the free and interesting advice I am getting on China, from people who have tried to handle it before and failed miserably - In fact, they got taken to the cleaners. We are doing very well with China. This has never happened to them before!"
1160306983376961536,2019-08-11 05:48,other,"....cause big disruption by going to Manhattan. Working almost all of the time, including evenings. Don’t have to be in W.H. to do that...And sooo many other false statements. He is right about one thing, though. I will win again in 2020. Otherwise, he pays 95% in taxes!"
1171586554281615360,2019-09-11 08:49,other,Excellent interview by @CondoleezzaRice on @MarthaMaccallum on @FoxNews. Very interesting and secure perspective on life.
1079900120047603713,2019-01-01 08:40,immigration,"MEXICO IS PAYING FOR THE WALL through the many billions of dollars a year that the U.S.A. is saving through the new Trade Deal, the USMCA, that will replace the horrendous NAFTA Trade Deal, which has so badly hurt our Country. Mexico & Canada will also thrive - good for all!"
1090577726459838464,2019-01-30 19:49,immigration,"If the committee of Republicans and Democrats now meeting on Border Security is not discussing or contemplating a Wall or Physical Barrier, they are Wasting their time!"
1084476603269373953,2019-01-13 23:45,immigration,"Thousands of illegal aliens who have committed sexual crimes against children are right now in Texas prisons. Most came through our Southern Border. We can end this easily - We need a Steel Barrier or Wall. Walls Work! John Jones, Texas Department of Public Safety.  @FoxNews"
1175792466592555008,2019-09-22 23:22,other,“The @nytimes is trying to make someone (Justice Kavanaugh) into an evil person when they don’t have the information to back it up. It is a false hoax.” @MZHemingway @MediaBuzzFNC  Zero people were fired at the Times. Why?
1091406863361605633,2019-02-02 02:44,other,Great news on Foxconn in Wisconsin after my conversation with Terry Gou! https://t.co/2wtuCdl7TX
1090967053689937921,2019-01-31 21:36,immigration,"Democrats are becoming the Party of late term abortion, high taxes, Open Borders and Crime!"
1103445720164651008,2019-03-07 08:02,immigration,"Wall Street Journal: “More migrant families crossing into the U.S. illegally have been arrested in the first five months of the federal fiscal year than in any prior full year.” We are doing a great job at the border, but this is a National Emergency!"
1149516401868062722,2019-07-12 11:10,other,"....When Mitt chose Paul I told people that’s the end of that Presidential run. He quit Congress because he didn’t know how to Win. They gave me standing O’s in the Great State of Wisconsin, & booed him off the stage. He promised me the Wall, & failed (happening anyway!)......"
1113089157683953665,2019-04-02 22:41,immigration,"After many years (decades), Mexico is apprehending large numbers of people at their Southern Border, mostly from Guatemala, Honduras and El Salvador. They have ALL been taking U.S. money for years, and doing ABSOLUTELY NOTHING for us, just like the Democrats in Congress!"
1086431078280323072,2019-01-19 09:12,other,Just a son who loves his Dad. Nice! https://t.co/ZI4012Ld7S
1108549811521966082,2019-03-21 10:04,other,"“The reason we have the Special Counsel investigation is that James Comey (a dirty cop) leaked his memos to a friend, who leaked them to the press, on purpose.” @KennedyNation Totally illegal!"
1106634711290531840,2019-03-15 14:14,other,"Just spoke with Jacinda Ardern, the Prime Minister of New Zealand, regarding the horrific events that have taken place over the past 24 hours. I informed the Prime Minister...."
1143999292538937344,2019-06-27 05:47,immigration,"The Republican Senate just passed bipartisan humanitarian assistance for our Southern Border, 84-8! In addition to aid, Congress must close the catastrophic loopholes that are driving the Crisis. We must end incentives for Smuggling Children, Trafficking Women, and Selling Drugs."
1181644113092980737,2019-10-09 02:54,immigration,The U.S. Border is SECURE! https://t.co/h9EPUPL1uS
1155319124127571969,2019-07-28 11:28,other,"....Robert Mueller’s testimony, and the Mueller Report itself, was a disaster for this illegal Democrat inspired Witch Hunt. It is an embarrassment to the USA that they don’t know how to stop. They can’t help themselves, they are totally lost, they are Clowns!"
1090946116496117760,2019-01-31 20:13,immigration,"Large sections of WALL have already been built with much more either under construction or ready to go. Renovation of existing WALLS is also a very big part of the plan to finally, after many decades, properly Secure Our Border. The Wall is getting done one way or the other!"
1143836568513392641,2019-06-26 19:01,immigration,"Too bad the Dems in Congress won’t do anything at all about Border Security. They want Open Borders, which means crime. But we are getting it done, including building the Wall! More people than ever before are coming because the USA Economy is so good, the best in history."
1143978235878789120,2019-06-27 04:24,immigration,The Democrats would save many lives if they would change our broken and very DANGEROUS Immigration Laws. It can be done instantly!
1147856061006786560,2019-07-07 21:13,other,"Last year was the first in 51 years where prescription drug prices actually went down, but things have been, and are being, put in place that will drive them down substantially. If Dems would work with us in a bipartisan fashion, we would get big results very fast!"
1143645216907378695,2019-06-26 06:20,other,"Senator Thom Tillis of North Carolina has really stepped up to the plate. Thom is tough on Crime, Strong on the Border and fights hard against Illegal Immigration. He loves our Military, our Vets and our great Second Amendment. I give Thom my Full and Total Endorsement!"
1170742727333568514,2019-09-09 00:56,immigration,WE ARE BUILDING THE WALL... https://t.co/OQQaag2ZUW
1143128642878410752,2019-06-24 20:08,other,"China gets 91% of its Oil from the Straight, Japan 62%, & many other countries likewise. So why are we protecting the shipping lanes for other countries (many years) for zero compensation. All of these countries should be protecting their own ships on what has always been...."
1095080896342814720,2019-02-12 06:03,other,"Coal is an important part of our electricity generation mix and @TVAnews should give serious consideration to all factors before voting to close viable power plants, like Paradise #3 in Kentucky!"
1084650944846012417,2019-01-14 11:18,immigration,"....Border is eventually going to be militarized and defended or the United States, as we have known it, is going to cease to exist...And Americans will not go gentle into that good night. Patrick Buchanan.  The great people of our Country demand proper Border Security NOW!"
1191708046126399488,2019-11-05 21:25,other,"A wonderful family and friends from Utah got caught between two vicious drug cartels, who were shooting at each other, with the result being many great American people killed, including young children, and some missing. If Mexico needs or requests help in cleaning out these....."
1185389914470473729,2019-10-19 10:59,other,"Susan Rice, who was a disaster to President Obama as National Security Advisor, is now telling us her opinion on what to do in Syria. Remember RED LINE IN THE SAND? That was Obama. Millions killed! No thanks Susan, you were a disaster."
1179382223860113413,2019-10-02 21:06,immigration,"Massive sections of The Wall are being built at our Southern Border. It is going up rapidly, and built to the highest standards and specifications of the Border Patrol experts. It is actually an amazing structure! Our U.S. Military is doing a GREAT job."
1162392841093636096,2019-08-16 23:57,other,Thank you to my good friend Chuck Canterbury for 16 years of service to the Fraternal Order of Police and our great men and women in blue. You are an incredible patriot!
1198286541560434689,2019-11-24 01:05,other,".....Brennan, too. And the Whistleblower also worked for Susan Rice. It’s an understatement to say that this is a Witch Hunt.” @IngrahamAngle  They spied on my campaign!"
1094716135625424896,2019-02-11 05:54,immigration,"The Border Committee Democrats are behaving, all of a sudden, irrationally. Not only are they unwilling to give dollars for the obviously needed Wall (they overrode recommendations of Border Patrol experts), but they don’t even want to take muderers into custody! What’s going on?"
1132937098753789952,2019-05-27 17:10,other,"Impeach for what, having created perhaps the greatest Economy in our Country’s history, rebuilding our Military, taking care of our Vets (Choice), Judges, Best Jobs Numbers Ever, and much more? Dems are Obstructionists! https://t.co/NrTIxU9ZnA"
1098740934588751872,2019-02-22 08:27,other,"We are here to honor the extraordinary contributions of African-Americans to every aspect of American Life, History and Culture. From the earliest days of this Nation, African-American Leaders, Pioneers, & Visionaries have uplifted & inspired our Country...https://t.co/VuFLkfd12j"
1178067055226052609,2019-09-28 17:00,other,"How do you impeach a President who has created the greatest Economy in the history of our Country, entirely rebuilt our Military into the most powerful it has ever been, Cut Record Taxes & Regulations, fixed the VA & gotten Choice for our Vets (after 45 years), & so much more?..."
1138414246298042369,2019-06-11 06:54,immigration,"Sad when you think about it, but Mexico right now is doing more for the United States at the Border than the Democrats in Congress! @ foxandfriends"
1166789207215484928,2019-08-28 14:06,immigration,"Another totally Fake story in the Amazon Washington Post (lobbyist) which states that if my Aides broke the law to build the Wall (which is going up rapidly), I would give them a Pardon. This was made up by the Washington Post only in order to demean and disparage - FAKE NEWS!"
1145819097395073024,2019-07-02 06:18,other,I will be interviewed by @TuckerCarlson tonight at 8:00pm on @FoxNews!
1098676390780719104,2019-02-22 04:10,other,"Senator John Cornyn has done an outstanding job for the people of Texas. He is strong on Crime, the Border, the Second Amendment and loves our Military and Vets. John has my complete and total endorsement. MAKE AMERICA GREAT AGAIN!"
1080129307446513666,2019-01-01 23:51,immigration,One thing has now been proven. The Democrats do not care about Open Borders and all of the crime and drugs that Open Borders bring!
1124672389416144905,2019-05-04 21:49,other,"Very good call yesterday with President Putin of Russia. Tremendous potential for a good/great relationship with Russia, despite what you read and see in the Fake News Media. Look how they have misled you on “Russia Collusion.” The World can be a better and safer place. Nice!"
1120715879640174592,2019-04-23 23:47,other,Great interview by Jared. Nice to have extraordinarily smart people serving our Country! https://t.co/d6Tgrn4Tzn
1106205023548133376,2019-03-14 22:46,immigration,"A vote for today’s resolution by Republican Senators is a vote for Nancy Pelosi, Crime, and the Open Border Democrats!"
1173803449202249728,2019-09-17 11:38,other,Beautiful evening in New Mexico with Great American Patriots! https://t.co/S8eDG3dAq0
1155657137076527104,2019-07-29 09:51,immigration,"“The Democrats hate this President so much, they’re forgetting about their duty to secure our Border.” @ThomasHomanICE  @SteveHiltonx Sad but true!"
1081525114594832384,2019-01-05 20:17,other,Thank you to Kanye West for your nice words. Criminal Justice Reform is now law - passed in a very bipartisan way!
1115451908213411845,2019-04-09 11:10,immigration,A 9th Circuit Judge just ruled that Mexico is too dangerous for migrants. So unfair to the U.S. OUT OF CONTROL! https://t.co/XF8o3jMDle
1186607396090724353,2019-10-22 19:37,other,"...A majority do not want him Impeached and removed from office. 94% of the people in these battleground states who voted for President Trump want him to continue as President. That’s squarely in his corner.” @SteveDoocy “That’s a revealing poll, don’t you think that matters?”..."
1115228307426095105,2019-04-08 20:22,other,Uganda must find the kidnappers of the American Tourist and guide before people will feel safe in going there. Bring them to justice openly and quickly!
1206445925843054593,2019-12-16 13:28,other,"....energy independence, manufacturing resilience, illegal immigration coming down, the Wall going up, China confronted, the caliphate defeated, NAFTA renegotiated, our military rebuilt, NATO paying more, regulations costing less,.......and much more. This is why they’re...."
1105871954001739782,2019-03-14 00:43,immigration,Democrats will have a unanimous vote on a 20% issue in opposing Republican Senators tomorrow. The Dems are for Open Borders and Crime!
1088058134713823233,2019-01-23 20:57,immigration,"BUILD A WALL & CRIME WILL FALL! This is the new theme, for two years until the Wall is finished (under construction now), of the Republican Party. Use it and pray!"
1115403322129883136,2019-04-09 07:57,other,Congratulations to the Baylor Lady Bears on their amazing win last night against Notre Dame to become the 2019 NCAA Women’s Basketball National Champions! https://t.co/cogqxFgnRn
1115057524770844672,2019-04-08 09:03,immigration,"....Mexico must apprehend all illegals and not let them make the long march up to the United States, or we will have no other choice than to Close the Border and/or institute Tariffs. Our Country is FULL!"
1141163403186245632,2019-06-19 09:58,immigration,On no issue are Democrats more extreme – and more depraved – than when it comes to Border Security. The Democrat Agenda of open borders is morally reprehensible. It is the great betrayal of the American Middle Class and our Country as a whole! #Trump2020 https://t.co/f9RJhpp50J
1194219655717642240,2019-11-12 19:45,immigration,"Many of the people in DACA, no longer very young, are far from “angels.” Some are very tough, hardened criminals. President Obama said he had no legal right to sign order, but would anyway. If Supreme Court remedies with overturn, a deal will be made with Dems for them to stay!"
1137355469134151681,2019-06-08 21:47,other,Everyone very excited about the new deal with Mexico!
1146501820593967104,2019-07-04 03:31,immigration,"Our Border Patrol people are not hospital workers, doctors or nurses. The Democrats bad Immigration Laws, which could be easily fixed, are the problem. Great job by Border Patrol, above and beyond. Many of these illegals aliens are living far better now than where they....."
1203766720856506368,2019-12-09 04:02,immigration,The Wall is going up fast! https://t.co/8tmUsC9oPq
1123559234128502784,2019-05-01 20:06,immigration,"Congress must change the Immigration Laws now, Dems won’t act. Wall is being built - 400 miles by end of next year. Mexico must stop the march to Border! @foxandfriends"
1168874291376656384,2019-09-03 21:12,other,"We are doing very well in our negotiations with China. While I am sure they would love to be dealing with a new administration so they could continue their practice of “ripoff USA”($600 B/year),16 months PLUS is a long time to be hemorrhaging jobs and companies on a long-shot...."
1148769874379980801,2019-07-10 09:44,immigration,So now the Obama appointed judge on the Census case (Are you a Citizen of the United States?) won’t let the Justice Department use the lawyers  that it wants to use. Could this be a first?
1097473080253968384,2019-02-18 20:29,other,"....There is a lot of explaining to do to the millions of people who had just elected a president who they really like and who has done a great job for them with the Military, Vets, Economy and so much more. This was the illegal and treasonous “insurance policy” in full action!"
1123035192262823936,2019-04-30 09:23,immigration,"If the Democrats don’t give us the votes to change our weak, ineffective and dangerous Immigration Laws, we must fight hard for these votes in the 2020 Election!"
1168488487433232384,2019-09-02 19:38,other,"Since my election, many trillions of dollars of worth has been created for our Country, and the Stock Market is up over 50%. If you followed the advice of the Failing New York Times columnist, Paul Krugman, you’d be doing VERY poorly - you’d be angry and hurt. He never got it!"
1144014401164337152,2019-06-27 06:47,other,"Why aren’t the Democrats in the House calling Comey, Brennan, Clapper, Page and her FBI lover (whose invaluable phone records were illegally deleted), Crooked Hillary, Podesta, Ohr (and Nellie), the GPS Fusion characters, Christopher Steele, the DNC (& their missing server)...."
1179041970590748672,2019-10-01 22:34,other,"As I predicted, Jay Powell and the Federal Reserve have allowed the Dollar to get so strong, especially relative to ALL other currencies, that our manufacturers are being negatively affected. Fed Rate too high. They are their own worst enemies, they don’t have a clue. Pathetic!"
1104091299718811650,2019-03-09 02:47,other,"....as Secretary of the Air Force, and I know she will be equally great in the very important world of higher education. A strong thank you to Heather for her service."
1087723755898658816,2019-01-22 22:48,immigration,"Never seen @senatemajldr and Republicans so united on an issue as they are on the Humanitarian Crisis & Security on our Southern Border. If we create a Wall or Barrier which prevents Criminals and Drugs from flowing into our Country, Crime will go down by record numbers!"
1094368870415110145,2019-02-10 06:54,other,"Today Elizabeth Warren, sometimes referred to by me as Pocahontas, joined the race for President. Will she run as our first Native American presidential candidate, or has she decided that after 32 years, this is not playing so well anymore? See you on the campaign TRAIL, Liz!"
1143634648729378816,2019-06-26 05:38,other,"Staff Sgt. David Bellavia - today, we honor your extraordinary courage, we salute your selfless service, and we thank you for carrying on the legacy of American Valor that has always made our blessed nation the strongest and mightiest in the world! https://t.co/pQ3dhhaSpE"
1143948712684576768,2019-06-27 02:26,immigration,"The Democrats should change the Loopholes and Asylum Laws so lives will be saved at our Southern Border. They said it was not a crisis at the Border, that it was all just “manufactured.” Now they admit that I was right - But they must do something about it. Fix the Laws NOW!"
1117213859696267264,2019-04-14 07:51,immigration,"I never offered Pardons to Homeland Security Officials, never ordered anyone to close our Southern Border (although I have the absolute right to do so, and may if Mexico does not apprehend the illegals coming to our Border), and am not “frustrated.” It is all Fake & Corrupt News!"
1119572078175367168,2019-04-20 20:02,other,The Fake News Media is doing everything possible to stir up and anger the pols and as many people as possible seldom mentioning the fact that the Mueller Report had as its principle conclusion the fact that there was NO COLLUSION WITH RUSSIA. The Russia Hoax is dead!
1095469447933059073,2019-02-13 07:47,immigration,Was just presented the concept and parameters of the Border Security Deal by hard working Senator Richard Shelby. Looking over all aspects knowing that this will be hooked up with lots of money from other sources....
1099459138038444034,2019-02-24 08:01,other,"“There’s not one shred of evidence that this president’s done anything Constitutionally (or anything else) wrong.” Graham Ledger.  Thank you Graham, so true!"
1114155671950364677,2019-04-05 21:19,immigration,"....This will supersede USMCA. Likewise I am looking at an economic penalty for the 500 Billion Dollars in illegal DRUGS that are shipped and smuggled through Mexico and across our Southern Border. Over 100,00 Americans die each year, sooo many families destroyed!"
1193350200066101249,2019-11-10 10:10,other,“He is not a Whistleblower. He is a deepstater. Let the President do the job he was elected to do.” @JudgeJeanine
1156345333997363200,2019-07-31 07:26,other,"Wow! A federal Judge in the Southern District of N.Y. completely dismissed a lawsuit brought by the Democratic National Committee against our historic 2016 campaign for President. The Judge said the DNC case was “entirely divorced” from the facts, yet another total & complete...."
1092181733825490945,2019-02-04 06:03,immigration,"With Caravans marching through Mexico and toward our Country, Republicans must be prepared to do whatever is necessary for STRONG Border Security. Dems do nothing. If there is no Wall, there is no Security. Human Trafficking, Drugs and Criminals of all dimensions - KEEP OUT!"
1178125611426025478,2019-09-28 20:53,other,"It is disgraceful what the Do Nothing Democrats are doing (the Impeachment Scam), but it is also disgraceful what they are NOT doing, namely, the USMCA vote, Prescription Drug Price Reduction, Gun Safety, Infrastructure, and much more!"
1104383134529998849,2019-03-09 22:07,immigration,"Border Patrol and Law Enforcement has apprehended (captured) large numbers of illegal immigrants at the Border. They won’t be coming into the U.S. The Wall is being built and will greatly help us in the future, and now!"
1137310207401439232,2019-06-08 18:47,immigration,"While the reviews and reporting on our Border Immigration Agreement with Mexico have been very good, there has nevertheless been much false reporting (surprise!) by the Fake and Corrupt News Media, such as Comcast/NBC, CNN, @nytimes & @washingtonpost. These “Fakers” are Bad News!"
1152536577953935360,2019-07-20 19:11,other,Thank you Bill. Very nice! https://t.co/hTnGiOh6T1
1081935373914259458,2019-01-06 23:27,other,"Our GREAT MILITARY has delivered justice for the heroes lost and wounded in the cowardly attack on the USS Cole. We have just killed the leader of that attack, Jamal al-Badawi. Our work against al Qaeda continues. We will never stop in our fight against Radical Islamic Terrorism!"
1137037547895267328,2019-06-08 00:44,other,....and have no intention of doing anything other going on a fishing expedition to see if they can find anything on me - both illegal & unprecedented in U.S. history. There was no Collusion - Investigate the Investigators! Go to work on Drug Price Reductions & Infrastructure!
1178668411183861760,2019-09-30 21:50,other,"....they made this whole thing up. Impeachment is also a pre-emptive strike for what they think is coming on the Obama Administration’s handling of the 2016 Election.” Jim McLaughlin, highly respected pollster. @WashTimes @FoxNews"
1142506687020130306,2019-06-23 02:56,immigration,"At the request of Democrats, I have delayed the Illegal Immigration Removal Process (Deportation) for two weeks to see if the Democrats and Republicans can get together and work out a solution to the Asylum and Loophole problems at the Southern Border. If not, Deportations start!"
1205489214546235393,2019-12-13 22:06,other,"The Wall Street Journal story on the China Deal is completely wrong, especially their statement on Tariffs. Fake News. They should find a better leaker!"
1125129024890703878,2019-05-06 04:03,other,"“This is not Congressional Oversight, this is bullying.” Jason Riley, The Wall Street Journal"
1150017240395395077,2019-07-13 20:20,other,This is one of the most horrible abuses of all. Those texts between gaga lovers would have told the whole story. Illegal deletion by Mueller. They gave us “the insurance policy.” https://t.co/EEa41Kn6fX
1193131455796404224,2019-11-09 19:41,other,"Fake News is reporting that I am talking to Mark Burnett about doing a big show, perhaps The Apprentice, after the presidency, which I would assume they mean in 5 years. This is not true, never had such a conversation, don’t even have time to think about it. False reporting!"
1172494649296113664,2019-09-13 07:58,other,"....Became Number 1 in World & Independent in Energy. Will soon have record number of Judges, 2 SC Justices. Done more than any President in first 2 1/2 years despite phony & fraudulent Witch Hunt illegally led against him. WIN on Mueller Report, Mueller Testimony & James Comey.."
1183823970979713024,2019-10-15 03:16,immigration,"....I would much rather focus on our Southern Border which abuts and is part of the United States of America. And by the way, numbers are way down and the WALL is being built!"
1130870087823613952,2019-05-22 00:16,immigration,"...Mexico’s attitude is that people from other countries, including Mexico, should have the right to flow into the U.S. & that U.S. taxpayers should be responsible for the tremendous costs associated w/this illegal migration. Mexico is wrong and I will soon be giving a response!"
1203096598462504961,2019-12-07 07:39,other,"All necessary work has been completed to declare Mexican Cartels terrorist organizations. Statutorily we are ready to do so. However, at the request of a man who I like and respect, and has worked so well with us, President Andres Manuel @LopezObrador_ we...."
1208131920598573056,2019-12-21 05:07,other,"....Kevin is strong on Securing the Border, #USMCA, protecting our #2A, and Loves our Vets and Military. Kevin is a true friend, and has my Complete and Total Endorsement!"
1086291782202257408,2019-01-18 09:58,immigration,"Never seen the Republican Party so unified. No “Cave” on the issue of Border and National Security. A beautiful thing to see, especially when you hear the new rhetoric spewing from the mouths of the Democrats who talk Open Border, High Taxes and Crime. Stop Criminals & Drugs now!"
1086277705916502017,2019-01-18 23:02,other,"Kevin Corke, @FoxNews “Don’t forget, Michael Cohen has already been convicted of perjury and fraud, and as recently as this week, the Wall Street Journal has suggested that he may have stolen tens of thousands of dollars....”  Lying to reduce his jail time! Watch father-in-law!"
1188048259627081728,2019-10-26 19:02,other,...Thank you @foxandfriends! Hopefully this is just the beginning of a massive story of injustice and treason. You will never learn this from the corrupt LameStream Media who get Pulitzer Prizes for reporting the story totally wrong. The ones who report it right get only RESPECT!
1199352946187800578,2019-11-26 23:43,other,"The D.C. Wolves and Fake News Media are reading far too much into people being forced by Courts to testify before Congress. I am fighting for future Presidents and the Office of the President. Other than that, I would actually like people to testify. Don McGahn’s respected...."
1154003031312261120,2019-07-24 20:18,other,"....interview, including the Vice President of the United States!"
1121476321882902529,2019-04-25 13:09,immigration,Our Border Control Agents have done an incredible job under very adverse conditions. I am very proud to have increased their salaries because of the great job they do. Nobody deserves it more. THANK YOU and keep up the outstanding work!pic.twitter.com/ljy3hZOgfL
1089169277041676289,2019-01-26 22:32,immigration,"“We absolutely need a physical barrier or Wall, whatever you want to call it. The President yesterday laid all that out. We need to do it all, including the Wall. I provided the same information to the previous administration, & it was ignored.” Mark Morgan, Border Chief for “O”!"
1086597047229300737,2019-01-19 20:11,other,".@newtgingrich just stated that there has been no president since Abraham Lincoln who has been treated worse or more unfairly by the media than your favorite President, me! At the same time there has been no president who has accomplished more in his first two years in office!"
1151865849864761345,2019-07-18 22:46,immigration,"....of gang members, in particular MS-13. Ice and Border Patrol are doing a great job!"
1172520696326643712,2019-09-13 09:41,immigration,"....VERY stupidly negotiated Trade Deals, and Illegal Immigration, are a tremendous cost and burden to our Country. They are BOTH coming along very well and someday, in the not too distant future, America will see a very positive change. Remember, America First!"
1173564171847385089,2019-09-16 19:47,other,"Producer prices in China shrank most in 3 years due to China’s big devaluation of their currency, coupled with monetary stimulus. Federal Reserve not watching? Will Fed ever get into the game? Dollar strongest EVER! Really bad for exports. No Inflation...Highest Interest Rates..."
1174279095091286016,2019-09-18 19:08,other,"As Corey Lewandowski stated very clearly yesterday in front of the House Judiciary Committee, President Trump didn’t do anything wrong or illegal. But they all know that. The Democrats are hurting our Country, and getting nothing done. Shameful! @CLewandowski_  @foxandfriends"
1137048453173862400,2019-06-08 01:27,immigration,Democrats are incapable of doing a good and solid Immigration Bill!
1199285300306104321,2019-11-26 19:14,other,"“Poll shows Dems losing interest in Impeachment inquiry all across the board. These Polls are actually devastating to the Democrats. But the writing was on the wall. He’s done so many great things. He’s devastated ISIS & killed AlBaghdadi, building Wall.” Jason Meister @FoxNews"
1135609956563083266,2019-06-04 02:11,immigration,"As a sign of good faith, Mexico should immediately stop the flow of people and drugs through their country and to our Southern Border. They can do it if they want!"
1205459180229935109,2019-12-13 06:07,other,The Republican Party is more united now than at any time in its history - by far!
1171942311321919489,2019-09-12 08:23,immigration,"I had an excellent telephone conversation with Andrés Manuel López Obrador, President of Mexico, talking about Southern Border Security, and various other things of mutual interest for the people of our respective countries...."
1170324532562931713,2019-09-07 21:14,immigration,"“In 22 years of patrolling our Southern Border, I have never seen Mexico act like a true Border Security Partner until President Trump got involved, and now they are stepping up to the plate and doing what they need to do.” Brandon Judd, National Border Patrol"
1184637926212341760,2019-10-17 09:11,other,"Years of BAD GOVERNMENT, such a sorry thing to see! https://t.co/H1r2Be2YS6"
1087690284027334656,2019-01-22 20:35,immigration,“The Democrats are playing politics with Border Security.”  @foxandfriends
1188188567773822977,2019-10-27 04:20,other,"MISSISSIPPI! There is a VERY important election for Governor on November 5th. I need you to get out and VOTE for our Great Republican nominee, @TateReeves. Tate is Strong on Crime, tough on Illegal Immigration, and will protect your Second Amendment...."
1083756525196320773,2019-01-12 00:04,immigration,"Humanitarian Crisis at our Southern Border. I just got back and it is a far worse situation than almost anyone would understand, an invasion! I have been there numerous times - The Democrats, Cryin’ Chuck and Nancy don’t know how bad and dangerous it is for our ENTIRE COUNTRY...."
1146862295466819585,2019-07-05 03:24,other,Been fully briefed on earthquake in Southern California. All seems to be very much under control!
1155967243835940864,2019-07-30 06:24,other,"Senator Cindy Hyde-Smith is doing a GREAT JOB for the people of Mississippi and fully supports our #MAGA Agenda. Cindy is tough on Crime, Strong on the Border and Illegal Immigration...."
1100000030319169537,2019-02-25 19:50,other,"Be nice if Spike Lee could read his notes, or better yet not have to use notes at all, when doing his racist hit on your President, who has done more for African Americans (Criminal Justice Reform, Lowest Unemployment numbers in History, Tax Cuts,etc.) than almost any other Pres!"
1136061313174659073,2019-06-05 08:04,immigration,"Can you imagine Cryin’ Chuck Schumer saying out loud, for all to hear, that I am bluffing with respect to putting Tariffs on Mexico. What a Creep. He would rather have our Country fail with drugs & Immigration than give Republicans a win. But he gave Mexico bad advice, no bluff!"
1105795445794717697,2019-03-13 19:39,other,"Defying voters, the Governor of California will halt all death penalty executions of 737 stone cold killers. Friends and families of the always forgotten VICTIMS are not thrilled, and neither am I!"
1103994805477085186,2019-03-08 20:24,immigration,The Wall is being built and is well under construction. Big impact will be made. Many additional contracts are close to being signed. Far ahead of schedule despite all of the Democrat Obstruction and Fake News!
1140053914592657410,2019-06-16 08:30,other,".....the first 2 1/2 years of his Presidency, including the fact that we have one of the best Economies in the history of our Country. It is called Earned Media. In any event, enjoy the show!"
1161970814922776576,2019-08-15 20:00,immigration,"Thank you, and the Wall is under major construction! https://t.co/jRVMxSPJzN"
1178668408566616064,2019-09-30 08:50,other,"“President Trump’s Job Approval Numbers have just reached the highest level since his Inauguration, around 50%, and you can add to that many votes from voters that don’t talk about their vote. Once they saw the President’s numbers going up, they said ‘We gotta do something,’ so.."
1098204256602066945,2019-02-20 20:54,other,"“If thinking that James Comey is not a good FBI Director is tantamount to being an agent of Russia, than just list all the people that are agents of Russia - Chuck Schumer, Nancy Pelosi, Rod Rosenstein who wrote the memo to get rid of Comey, the Inspector General....” Trey Gowdy"
1177543516236500997,2019-09-27 19:20,other,".....nice call with with the new President of Ukraine, it could not have been better or more honorable, and the Fake News Media and Democrats, working as a team, have fraudulently made it look bad. It wasn’t bad, it was very legal and very good. A continuing Witch Hunt!"
1126106541004873730,2019-05-08 20:48,other,"....Guess what, that’s not going to happen! China has just informed us that they (Vice-Premier) are now coming to the U.S. to make a deal. We’ll see, but I am very happy with over $100 Billion a year in Tariffs filling U.S. coffers...great for U.S., not good for China!"
1150766494697107456,2019-07-15 21:58,immigration,"“We all know that AOC and this crowd are a bunch of Communists, they hate Israel, they hate our own Country, they’re calling the guards along our Border (the Border Patrol Agents) Concentration Camp Guards, they accuse people who support Israel as doing it for the Benjamin’s,...."
1208029119776247808,2019-12-20 22:19,other,"I will be signing our 738 Billion Dollar Defense Spending Bill today. It will include 12 weeks  Paid Parental Leave, gives our troops a raise, importantly creates the SPACE FORCE, SOUTHERN BORDER WALL FUNDING, repeals “Cadillac Tax” on Health Plans, raises smoking age to 21! BIG!"
1136183958876692480,2019-06-05 16:12,other,"House Democrats, fresh off a Republican victory against them (in Federal Court) on the Wall,  keep asking people to come and testify regarding the No Collusion Witch Hunt. They are very unhappy with the Mueller Report, especially with his corrective letter, & now want a Do Over!"
1156742970105892864,2019-08-01 09:46,immigration,The cages for kids were built by the Obama Administration in 2014. He had the policy of child separation. I ended it even as I realized that more families would then come to the Border! @CNN
1164684313713172491,2019-08-23 07:42,immigration,"Looking forward to soon being in North Carolina to hold a big rally for wonderful Dan Bishop, who is running for Congress. His opponent wants Open Borders, Sanctuary Cities, and Socialism. He likes the “Squad” more than North Carolina. Dan has my Full and Complete Endorsement!"
1129339132373884928,2019-05-17 18:53,immigration,Will the Democrats give our Country a badly needed immigration win before the election? Good chance!
1171988347822235651,2019-09-12 11:26,immigration,"The Wall is going up very fast despite total Obstruction by Democrats in Congress, and elsewhere! https://t.co/2nFIEFppho"
1088055980263424000,2019-01-23 20:48,immigration,"Great unity in the Republican Party. Want to, once and for all, put an end to stoppable crime and drugs! Border Security and Wall. No doubt!"
1116894304063107072,2019-04-13 10:42,immigration,"Finally, great news at the Border! https://t.co/nofzYa2Qs7"
1112439222147993601,2019-04-01 03:39,other,"“Outrageous, it’s the Adam Schiff problem. People abusing the access to classified data to then go out in public and make allegations that didn’t prove to be true. You look at a decision to essentially investigate a political rival. Who made it?” James Freeman, @WSJ"
1201532174190571520,2019-12-03 00:02,other,Heading to Europe to represent our Country and fight hard for the American People while the Do Nothing Democrats purposely scheduled an Impeachment Hoax hearing on the same date as NATO. Not nice! https://t.co/LCXYhoOWF6
1106196590065303552,2019-03-14 22:13,immigration,Prominent legal scholars agree that our actions to address the National Emergency at the Southern Border and to protect the American people are both CONSTITUTIONAL and EXPRESSLY authorized by Congress....
1195000511625355265,2019-11-14 09:28,other,"....anywhere, so we’ve now had 3 years of the Democrats chasing Donald Trump. Nancy Pelosi’s worried about the American voter looking for someone to blame for that eventually. Look at her own story in the House. What have they done? The average American can’t identify anything..."
1117216153728897024,2019-04-14 08:01,immigration,"....So interesting to see the Mayor of Oakland and other Sanctuary Cities NOT WANT our currently “detained immigrants” after release due to the ridiculous court ordered 20 day rule. If they don’t want to serve our Nation by taking care of them, why should other cities & towns?"
1129338665216430080,2019-05-17 18:51,immigration,"All people that are illegally coming into the United States now will be removed from our Country at a later date as we build up our removal forces and as the laws are changed. Please do not make yourselves too comfortable, you will be leaving soon!"
1137697504785588225,2019-06-09 20:26,immigration,"Another false report in the Failing  @nytimes. We have been trying to get some of these Border Actions for a long time, as have other administrations, but were not able to get them, or get them in full, until our signed agreement with Mexico. Additionally, and for many years,...."
1151451591171543041,2019-07-17 19:20,other,"The Democrats in Congress are getting nothing done, not on drug pricing, not on immigration, not on infrastructure, not on nothing! Sooo much opportunity, yet all they want to do is go “fishing.” The American people are tired of the never ending Witch Hunt, they want results now!"
1165395410787196929,2019-08-25 06:48,other,"France and President @EmanuelMacrone have done a really great job thus far with a very important G-7. Lunch with Emanuel was the best meeting we have yet had. Likewise, evening meeting with World Leaders went very well. Progress being made!"
1153286989824888832,2019-07-22 20:53,other,"....But the questions should be asked, why were all of Clinton’s people given immunity, and why were the text messages of Peter S and his lover, Lisa Page, deleted and destroyed right after they left Mueller, and after we requested them(this is Illegal)?"
1131158414279827457,2019-05-22 19:22,immigration,"Also, tremendous work is being done on pure renovation - fixing existing Walls that are in bad condition and ineffective, and bringing them to a very high standard!"
1160382091592384513,2019-08-11 10:47,other,"Anthony Scaramucci, who was quickly terminated (11 days) from a position that he was totally incapable of handling, now seems to do nothing but television as the all time expert on “President Trump.” Like many other so-called television experts, he knows very little about me....."
1147976062657282055,2019-07-08 05:09,immigration,"We are building the Wall now, but the reason the badly needed Wall wasn’t approved in the Republican controlled House and Senate was that we had a very slim majority in the Senate, & needed 9 Democrat votes. They were totally unwilling to give Wall votes to us, want Open Borders!"
1166359891193344000,2019-08-27 22:40,other,"No bedbugs at Doral. The Radical Left Democrats, upon hearing that the perfectly located (for the next G-7) Doral National MIAMI was under consideration for the next G-7, spread that false and nasty rumor. Not nice!"
1192418595323682817,2019-11-07 20:28,other,Bill Barr did not decline my request to talk about Ukraine. The story was a Fake Washington Post con job with an “anonymous” source that doesn’t exist. Just read the Transcript. The Justice Department already ruled that the call was good. We don’t have freedom of the press!
1157825761941819392,2019-08-04 09:29,other,"Today’s shooting in El Paso, Texas was not only tragic, it was an act of cowardice. I know that I stand with everyone in this Country to condemn today’s hateful act. There are no reasons or excuses that will ever justify killing innocent people...."
1112500287577694208,2019-04-01 07:41,immigration,"The Democrats are allowing a ridiculous asylum system and major loopholes to remain as a mainstay of our immigration system. Mexico is likewise doing NOTHING, a very bad combination for our Country. Homeland Security is being sooo very nice, but not for long!"
1179406259273031682,2019-10-02 22:42,immigration,"Now the press is trying to sell the fact that I wanted a Moot stuffed with alligators and snakes, with an electrified fence and sharp spikes on top, at our Southern Border. I may be tough on Border Security, but not that tough. The press has gone Crazy. Fake News!"
1085519375224983552,2019-01-16 20:49,immigration,It is becoming more and more obvious that the Radical Democrats are a Party of open borders and crime. They want nothing to do with the major Humanitarian Crisis on our Southern Border. #2020!
1171051473607823360,2019-09-09 21:23,other,"..that this Administration has done. They don’t talk about the great economy, the big tax and regulation cuts, the rebuilding of the Military, “Choice” at our VA, our Vets, Judges and Supreme Court Justices, the Border Wall going up, lowest crime numbers, 2nd A, and so much more!"
1086252588088082432,2019-01-18 21:22,immigration,"Border rancher: “We’ve found prayer rugs out here. It’s unreal.”  Washington Examiner   People coming across the Southern Border from many countries, some of which would be a big surprise."
1205104256312848385,2019-12-12 06:36,other,"I will be there in two weeks, The Southern White House!https://twitter.com/Trump/status/1204520225607225344 …"
1168153045026463747,2019-09-01 21:26,other,"I have not forgotten that when it was announced that I was going to do The Apprentice, and when it then became a big hit, helping NBC’s failed lineup greatly, @DebraMessing came up to me at an Upfront & profusely thanked me, even calling me “Sir.” How times have changed!"
1089589587456991233,2019-01-28 02:22,immigration,BUILD A WALL & CRIME WILL FALL! https://t.co/yDdCG5DCxn
1138782960444956673,2019-06-12 20:19,other,"The Fake News has never been more dishonest than it is today. Thank goodness we can fight back on Social Media. There new weapon of choice is Fake Polling, sometimes referred to as Suppression Polls (they suppress the numbers). Had it in 2016, but this is worse........."
1107608921370513408,2019-03-18 19:45,other,"....are all coming back to the U.S. So is everyone else. We now have the best Economy in the World, the envy of all. Get that big, beautiful plant in Ohio open now. Close a plant in China or Mexico, where you invested so heavily pre-Trump, but not in the U.S.A. Bring jobs home!"
1182288206806560769,2019-10-10 21:34,other,"Thank you to @OANN One America News for your fair coverage and brilliant reporting. It is appreciated by many people trying so hard to find a new, consistent and powerful VOICE! See you tonight at the Big Rally in Minneapolis."
1203363921995980801,2019-12-08 01:21,other,"While the world is not doing well economically, our Country is doing better, perhaps, than it has ever done before. Jobs, Jobs, Jobs!"
1173218440502550528,2019-09-15 20:54,other,"Brett Kavanaugh should start suing people for liable, or the Justice Department should come to his rescue. The lies being told about him are unbelievable. False Accusations without recrimination. When does it stop? They are trying to influence his opinions. Can’t let that happen!"
1090578963641131009,2019-01-30 19:54,immigration,“Three separate caravans marching to our Border. The numbers are tremendous.” @foxandfriends
1106196591453577217,2019-03-14 22:13,immigration,"....If, at a later date, Congress wants to update the law, I will support those efforts, but today’s issue is BORDER SECURITY and Crime!!! Don’t vote with Pelosi!"
1193605807369269248,2019-11-11 03:06,other,"“There’s nothing there! I’m trying to let the House know that they’re dividing America for no good reason. We’ve got a lot of things we should be doing, like lowering drug costs & getting a trade deal with Mexico and Canada.” @LindseyGrahamSC  The Do Nothing Dems have gone crazy!"
1133119875272994816,2019-05-28 05:16,other,"....Super Predator was the term associated with the 1994 Crime Bill that Sleepy Joe Biden was so heavily involved in passing. That was a dark period in American History, but has Sleepy Joe apologized? No!"
1170782374843564034,2019-09-09 03:34,other,"Looking forward to being in the North Carolina tomorrow night. We’re having a BIG RALLY for a great guy, Dan Bishop. Strong on Crime, Borders, your Military and our Vets, we need Dan Bishop in Washington badly. His opponent is WEAK on Crime, Borders, and against your 2nd A."
1130433205537038337,2019-05-20 19:20,other,"The Failing New York Times (it will pass away when I leave office in 6 years), and others of the Fake News Media, keep writing phony stories about how I didn’t use many banks because they didn’t want to do business with me. WRONG! It is because I didn’t need money. Very old"
1171918282905018370,2019-09-12 06:47,immigration,BIG United States Supreme Court WIN for the Border on Asylum! https://t.co/9Ka00qK1Ob
1092787440560078849,2019-02-05 22:10,immigration,"Tremendous numbers of people are coming up through Mexico in the hopes of flooding our Southern Border. We have sent additional military. We will build a Human Wall if necessary. If we had a real Wall, this would be a non-event!"
1167408293062594560,2019-08-30 20:06,other,"General Motors, which was once the Giant of Detroit, is now one of the smallest auto manufacturers there. They moved major plants to China, BEFORE I CAME INTO OFFICE. This was done despite the saving help given them by the USA. Now they should start moving back to America again?"
1098295228837048325,2019-02-21 02:56,immigration,"We have just built this powerful Wall in New Mexico. Completed on January 30, 2019 – 47 days ahead of schedule! Many miles more now under construction! #FinishTheWall https://t.co/TYkj3KRdOC"
1146514922286780416,2019-07-04 04:23,immigration,Mexico is doing a far better job than the Democrats on the Border. Thank you Mexico!
1126120216856076289,2019-05-08 21:42,immigration,Big Court win at our Southern Border! We are getting there - and Wall is being built!
1095787504001789960,2019-02-14 04:51,other,"Today, it was my great honor to address the @MjrCitiesChiefs Association and @MCSheriffs Conference in Washington, D.C. We will never forget your service, and we will never, ever let you down! We love you, and we thank God for you each and every day. https://t.co/9tuNcVcBqe"
1169948497241677824,2019-09-06 20:20,immigration,"DACA will be going before the Supreme Court. It is a document that even President Obama didn’t feel he had the legal right to sign - he signed it anyway! Rest assured that if the SC does what all say it must, based on the law, a bipartisan deal will be made to the benefit of all!"
1084119654841364480,2019-01-13 00:07,immigration,"....I do have a plan on the Shutdown. But to understand that plan you would have to understand the fact that I won the election, and I promised safety and security for the American people. Part of that promise was a Wall at the Southern Border. Elections have consequences!"
1114264734134456321,2019-04-06 04:33,immigration,Join me in California for a Roundtable on Immigration and Border Security! https://t.co/hLV86lWTtA
1084464695904530432,2019-01-13 22:58,immigration,"Democrats are saying that DACA is not worth it and don’t want to include in talks. Many Hispanics will be coming over to the Republican side, watch!"
1143892326286266368,2019-06-26 22:42,other,"Women’s soccer player, @mPinoe, just stated that she is “not going to the F...ing White House if we win.” Other than the NBA, which now refuses to call owners, owners (please explain that I just got Criminal Justice Reform passed, Black unemployment is at the lowest level..."
1173571513418756098,2019-09-16 20:17,other,"“What’s happening to Justice Kavanaugh is a disgrace. This guy is not a good man, he is a great man. He has to go to his church with his family while these terrible reports are being written about him, a disgrace!” Dan Bongino @foxandfriends"
1172494648226525189,2019-09-13 07:58,other,"How do you impeach a President who has helped create perhaps the greatest economy in the history of our Country? All time best unemployment numbers, especially for Blacks, Hispanics, Asians & Women. More people working today than ever before. Rebuilt Military & Choice for Vets..."
1086091478168993792,2019-01-18 10:42,immigration,"“In 2018 alone, 20,000 illegal aliens with criminal records were apprehended trying to cross the Border, and there was a 122% increase in fentanyl being smuggled between ports of entry. Last month alone, more than 20,000 minors were smuggled into the U.S.” @seanhannity"
1151978502842986496,2019-07-19 06:14,other,"Today, @FLOTUS Melania and I were honored to welcome members of Team USA to the @WhiteHouse for a great celebration of their success during the 2019 @SpecialOlympics @WorldGamesAD! Congratulations @specialolyUSA! #Cheer4USA https://t.co/m7PcT6N1KO"
1181207817715421184,2019-10-07 22:01,other,"Heritage Foundation “These numbers are blockbusters. Just since Donald Trump took office, Median Family Incomrs are up over $4,100. In 8 years under President Obama, they only went up $1000. In one third the time, President Trump has increased incomes 4 times as much, and that..."
1181577775246905344,2019-10-08 22:31,other,Someone please tell the Radical Left Mayor of Minneapolis that he can’t price out Free Speech. Probably illegal! I stand strongly & proudly with the great Police Officers and Law Enforcement of Minneapolis and the Great State of Minnesota! See you Thursday Night!
1114338251035123715,2019-04-06 09:25,immigration,"THANK YOU @DHSgov, @CBP, and @ICEgov! https://t.co/BzNwKoUJlg"
1094633257377787904,2019-02-11 00:24,other,"It was a very bad week for the Democrats, with the GREAT economic numbers, The Virginia disaster and the State of the Union address. Now, with the terrible offers being made by them to the Border Committee, I actually believe they want a Shutdown. They want a new subject!"
1171547046295171072,2019-09-11 06:12,immigration,Incredible progress being made at the Southern Border! https://t.co/xcqxKEkfGD
1101837499230498816,2019-03-02 21:31,other,"Very proud of perhaps the greatest golf course anywhere in the world. Also, furthers U.K. relationship! https://t.co/3xTzzJH6Iq"
1085515276228153345,2019-01-16 20:33,immigration,"There are now 77 major or significant Walls built around the world, with 45 countries planning or building Walls. Over 800 miles of Walls have been built in Europe since only 2015. They have all been recognized as close to 100% successful. Stop the crime at our Southern Border!"
1147955460403859462,2019-07-08 03:48,immigration,"The Fake News Media, in particular the Failing @nytimes, is writing phony and exaggerated accounts of the Border Detention Centers. First of all, people should not be entering our Country illegally, only for us to then have to care for them. We should be allowed to focus on ....."
1168893583283425280,2019-09-03 22:28,other,"Based on the IG Report, the whole Witch Hunt against me and my administration was a giant and illegal SCAM. The House of Representatives should now get back to work on drug prices, healthcare, infrastructure and all else. The Mueller Report showed No Collusion, No Obstruction!"
1089159145268408320,2019-01-26 21:52,immigration,"“I like the fact that the President is making the case (Border Security & Crime) to the American people. Now we know where Nancy Pelosi, Chuck Schumer & the Democrats stand, which is no Border Security. Will be big 2020 issue.” Matt Schlapp, Chair, ACU. Bigger than anyone knows!"
1116742280919044096,2019-04-13 00:38,immigration,"Due to the fact that Democrats are unwilling to change our very dangerous immigration laws, we are indeed, as reported, giving strong considerations to placing Illegal Immigrants in Sanctuary Cities only...."
1086626739835625474,2019-01-19 22:09,immigration,"Mexico is doing NOTHING to stop the Caravan which is now fully formed and heading to the United States. We stopped the last two - many are still in Mexico but can’t get through our Wall, but it takes a lot of Border Agents if there is no Wall. Not easy!"
1146514575048790019,2019-07-04 04:22,immigration,"If Illegal Immigrants are unhappy with the conditions in the quickly built or refitted detentions centers, just tell them not to come. All problems solved!"
1149266929565261824,2019-07-11 18:39,other,"The White House will be hosting a very big and very important Social Media Summit today. Would I have become President without Social Media? Yes (probably)! At its conclusion, we will all go to the beautiful Rose Garden for a News Conference on the Census and Citizenship."
1088430717611245571,2019-01-24 21:37,immigration,Without a Wall there cannot be safety and security at the Border or for the U.S.A. BUILD THE WALL AND CRIME WILL FALL!
1083696274182995969,2019-01-11 20:05,immigration,"I often said during rallies, with little variation, that “Mexico will pay for the Wall.” We have just signed a great new Trade Deal with Mexico. It is Billions of Dollars a year better than the very bad NAFTA deal which it replaces. The difference pays for Wall many times over!"
1113950680283267072,2019-04-05 07:45,immigration,“Conservative support for Trump wall soars to 99 percent” https://t.co/Tblpox8Nsg
1159113620292165632,2019-08-07 22:46,other,"Today, we honor all of our Country’s Purple Heart recipients, their loved ones, and our Gold Star Families for their immeasurable sacrifice. These American Patriots represent the unyielding and unmatched strength and determination of the U.S. Armed Forces: https://t.co/EVhPJD5azu https://t.co/fcQMg9JI4q"
1085156987183263749,2019-01-15 20:49,immigration,"Polls are now showing that people are beginning to understand the Humanitarian Crisis and Crime at the Border. Numbers are going up fast, over 50%. Democrats will soon be known as the Party of Crime. Ridiculous that they don’t want Border Security!"
1173231877181857795,2019-09-15 21:47,other,"Brett Kavanaugh should start suing people for libel, or the Justice Department should come to his rescue. The lies being told about him are unbelievable. False Accusations without recrimination. When does it stop? They are trying to influence his opinions. Can’t let that happen!"
1137856192343105537,2019-06-10 06:57,immigration,"The Failing @nytimes story on Mexico and Illegal Immigration through our Southern Border has now been proven shockingly false and untrue, bad reporting, and the paper is embarrassed by it. The only problem is that they knew it was Fake News before it went out. Corrupt Media!"
1089201935926939650,2019-01-27 00:42,immigration,BUILD A WALL & CRIME WILL FALL! https://t.co/a0G7GWi74k
1166672386214772736,2019-08-28 19:22,other,"“The infestation of bedbugs at The New York Times office” @OANN  was perhaps brought in by lightweight journalist Bret Stephens, a Conservative who does anything that his bosses at the paper tell him to do! He is now quitting Twitter after being called a “bedbug.” Tough guy!"
1169753952130359297,2019-09-06 07:27,other,"Just talked to Governor Roy Cooper of North Carolina as Hurricane Dorian ominously comes up the East Coast. We are monitoring it at the @WhiteHouse, ready to assist via our great team over at @FEMA, who are already on site. We are with you all the way North Carolina. BE SAFE!"
1086991976598245377,2019-01-20 22:20,immigration,"Don’t forget, we are building and renovating big sections of Wall right now. Moving quickly, and will cost far less than previous politicians thought possible. Building, after all, is what I do best, even when money is not readily available!"
1084263052617412609,2019-01-13 09:37,other,I will be interviewed by Jeanine Pirro at 9:00 P.M. on @FoxNews. Watch @JesseBWatters before and @greggutfeld after. All terrific people. I am in the White House waiting for Cryin’ Chuck and Nancy to call so we can start helping our Country both at the Border and from within!
1184540536134406144,2019-10-17 02:44,immigration,"Guatemala, Honduras & El Salvador have all signed historic Asylum Cooperation Agreements and are working to end the scourge of human smuggling. To further accelerate this progress, the U.S. will shortly be approving targeted assistance in the areas of law enforcement & security."
1143839815600918528,2019-06-26 19:13,immigration,"Democrats want Open Borders, which equals violent crime, drugs and human trafficking. They also want very high taxes, like 90%. Republicans want what’s good for America - the exact opposite!"
1099995611305254912,2019-02-25 19:32,immigration,"We have a State of Emergency at our Southern Border. Border Patrol, our Military and local Law Enforcement are doing a great job, but without the Wall, which is now under major construction, you cannot have Border Security. Drugs, Gangs and Human Trafficking must be stopped!"
1134240653926232064,2019-05-31 07:30,immigration,"On June 10th, the United States will impose a 5% Tariff on all goods coming into our Country from Mexico, until such time as illegal migrants coming through Mexico, and into our Country, STOP. The Tariff will gradually increase until the Illegal Immigration problem is remedied,.."
